time_from_start,number_of_rows_finished
0,0
132.3398139476776,256
133.07764554023743,512
133.42816352844238,768
134.12345266342163,1024
134.814368724823,1280
135.50287246704102,1536
136.1992542743683,1792
136.88476753234863,2048
137.5811767578125,2304
138.2695062160492,2560
138.9931070804596,2816
139.68632411956787,3072
140.38174438476562,3328
141.07502126693726,3584
141.7666575908661,3840
142.46103048324585,4096
143.15055060386658,4352
143.84089255332947,4608
144.53161334991455,4864
145.2248752117157,5120
145.9354898929596,5376
146.62776398658752,5632
147.31702733039856,5888
148.01080632209778,6144
148.70590043067932,6400
149.3952121734619,6656
150.08338451385498,6912
150.7840986251831,7168
151.46904063224792,7424
152.160906791687,7680
152.92027735710144,7936
153.61627864837646,8192
154.30489897727966,8448
154.9954264163971,8704
155.68739914894104,8960
156.37817788124084,9216
157.06870913505554,9472
157.76359224319458,9728
158.45556092262268,9984
159.14884877204895,10240
159.87823343276978,10496
160.56843161582947,10752
161.25815391540527,11008
161.94753050804138,11264
162.6562476158142,11520
163.3374216556549,11776
164.03166007995605,12032
164.7229073047638,12288
165.41314601898193,12544
166.11147546768188,12800
166.84989643096924,13056
167.5217468738556,13312
168.21374797821045,13568
168.9085886478424,13824
169.59621453285217,14080
170.2869849205017,14336
170.97705960273743,14592
171.66874146461487,14848
172.36554598808289,15104
173.05206847190857,15360
173.75988245010376,15616
174.44946479797363,15872
175.143568277359,16128
175.83755326271057,16384
176.53106594085693,16640
177.22027134895325,16896
177.91543793678284,17152
178.60531377792358,17408
179.29494166374207,17664
179.9904522895813,17920
180.69430017471313,18176
181.38547658920288,18432
182.07631754875183,18688
182.76800441741943,18944
183.46180129051208,19200
184.15027785301208,19456
184.8400275707245,19712
185.53740906715393,19968
186.22209477424622,20224
186.91758513450623,20480
187.63081216812134,20736
188.31796026229858,20992
189.01246190071106,21248
189.70493078231812,21504
190.39501810073853,21760
191.0848891735077,22016
191.77354621887207,22272
192.46425938606262,22528
193.1564416885376,22784
193.8474953174591,23040
194.55624651908875,23296
195.25711822509766,23552
195.9359188079834,23808
196.62803602218628,24064
197.31909799575806,24320
198.0099675655365,24576
198.70411467552185,24832
199.39237713813782,25088
200.23567748069763,25344
200.92545986175537,25600
201.6487593650818,25856
202.33103680610657,26112
203.03174662590027,26368
203.72292685508728,26624
204.41349816322327,26880
205.10539197921753,27136
205.79821729660034,27392
206.49189448356628,27648
207.18283891677856,27904
207.87691712379456,28160
208.59079909324646,28416
209.28171467781067,28672
209.97270488739014,28928
210.6645085811615,29184
211.35581183433533,29440
212.04539370536804,29696
212.73372745513916,29952
213.42683458328247,30208
214.11956334114075,30464
214.81080722808838,30720
215.53547644615173,30976
216.22756147384644,31232
216.91885900497437,31488
217.60707831382751,31744
218.29641199111938,32000
218.98674201965332,32256
219.67866134643555,32512
220.36562871932983,32768
221.0578212738037,33024
221.74668407440186,33280
222.4583432674408,33536
223.1502022743225,33792
223.8457968235016,34048
224.53836512565613,34304
225.23005080223083,34560
225.91533374786377,34816
226.60753083229065,35072
227.29520654678345,35328
227.98798632621765,35584
228.68092560768127,35840
229.38716077804565,36096
230.232745885849,36352
230.77158999443054,36608
231.4661979675293,36864
232.15933227539062,37120
232.8685326576233,37376
233.56185865402222,37632
234.25260281562805,37888
234.94252014160156,38144
235.63699650764465,38400
236.35268449783325,38656
237.04513382911682,38912
237.73341393470764,39168
238.42722749710083,39424
239.11370277404785,39680
239.80529069900513,39936
240.59134197235107,40192
241.2910463809967,40448
241.98100447654724,40704
242.6737916469574,40960
243.38914346694946,41216
244.0813798904419,41472
244.77559065818787,41728
245.46805477142334,41984
246.16611123085022,42240
246.88201880455017,42496
247.59756088256836,42752
248.2906036376953,43008
248.98156428337097,43264
249.68093609809875,43520
250.41396737098694,43776
251.08767986297607,44032
251.7801158428192,44288
252.4720470905304,44544
253.17681670188904,44800
253.8654305934906,45056
254.55677819252014,45312
255.252614736557,45568
255.94166803359985,45824
256.64299035072327,46080
257.3503544330597,46336
258.0413932800293,46592
258.7302348613739,46848
259.4321389198303,47104
260.29086470603943,47360
260.98385858535767,47616
261.67055082321167,47872
262.3695592880249,48128
263.07120084762573,48384
263.7551770210266,48640
264.4816255569458,48896
265.17525696754456,49152
265.8699231147766,49408
266.56179547309875,49664
267.25232338905334,49920
267.94341802597046,50176
268.6305978298187,50432
269.32667350769043,50688
270.0136408805847,50944
270.7079999446869,51200
271.44480538368225,51456
272.13124799728394,51712
272.8199336528778,51968
273.5155472755432,52224
274.21026158332825,52480
274.90017580986023,52736
275.59379529953003,52992
276.28440713882446,53248
276.97481060028076,53504
277.66213846206665,53760
278.39329171180725,54016
279.08086252212524,54272
279.7728593349457,54528
280.4641785621643,54784
281.1606390476227,55040
281.85224533081055,55296
282.5389142036438,55552
283.2402296066284,55808
283.92570543289185,56064
284.6187083721161,56320
285.33481645584106,56576
286.02309679985046,56832
286.7161421775818,57088
287.410915851593,57344
288.09703373908997,57600
288.7906696796417,57856
289.48255372047424,58112
290.17437505722046,58368
290.86145520210266,58624
291.5528247356415,58880
292.26584672927856,59136
292.9598159790039,59392
293.6491928100586,59648
294.34061431884766,59904
295.0326569080353,60160
295.7229344844818,60416
296.4117636680603,60672
297.10508131980896,60928
297.79467248916626,61184
298.4868288040161,61440
299.20602679252625,61696
299.8960440158844,61952
300.6276731491089,62208
301.3190870285034,62464
302.010888338089,62720
302.7050290107727,62976
303.38786602020264,63232
304.0768995285034,63488
304.7671504020691,63744
305.45974826812744,64000
306.1956572532654,64256
306.8914177417755,64512
307.58231115341187,64768
308.27361130714417,65024
308.96226382255554,65280
309.6525239944458,65536
310.3466446399689,65792
311.0379784107208,66048
311.7213308811188,66304
312.41144251823425,66560
313.14725971221924,66816
313.8251621723175,67072
314.51859855651855,67328
315.2049329280853,67584
315.89648509025574,67840
316.59168672561646,68096
317.28550004959106,68352
317.97672867774963,68608
318.667165517807,68864
319.36438059806824,69120
320.086665391922,69376
320.78092789649963,69632
321.4714288711548,69888
322.16128492355347,70144
322.85523223876953,70400
323.5430734157562,70656
324.23552417755127,70912
324.9270887374878,71168
325.61938190460205,71424
326.308629989624,71680
327.0239431858063,71936
327.71488785743713,72192
328.4029965400696,72448
329.0930881500244,72704
329.78596353530884,72960
330.4763777256012,73216
331.166033744812,73472
331.8598909378052,73728
332.5476932525635,73984
333.2386724948883,74240
333.95221996307373,74496
334.64398670196533,74752
335.33566975593567,75008
336.0364863872528,75264
336.726943731308,75520
337.4174237251282,75776
338.11174035072327,76032
338.80559062957764,76288
339.4957506656647,76544
340.18455743789673,76800
340.90604305267334,77056
341.5952043533325,77312
342.28939867019653,77568
342.98017621040344,77824
343.6726236343384,78080
344.36655497550964,78336
345.0535399913788,78592
345.74825716018677,78848
346.4375784397125,79104
347.1311409473419,79360
347.8399090766907,79616
348.5338234901428,79872
349.21951818466187,80128
349.914932012558,80384
350.7516736984253,80640
351.44553780555725,80896
352.13330125808716,81152
352.8265526294708,81408
353.51560282707214,81664
354.2129008769989,81920
354.92352414131165,82176
355.61257314682007,82432
356.30592155456543,82688
356.99575757980347,82944
357.6872982978821,83200
358.3753457069397,83456
359.0679500102997,83712
359.770037651062,83968
360.50724172592163,84224
361.2064564228058,84480
361.9333472251892,84736
362.6208324432373,84992
363.31057047843933,85248
364.0078239440918,85504
364.6974365711212,85760
365.3865580558777,86016
366.0792841911316,86272
366.76838850975037,86528
367.4619300365448,86784
368.1518940925598,87040
368.9284906387329,87296
369.6366603374481,87552
370.345068693161,87808
371.04732298851013,88064
371.7522020339966,88320
372.4370255470276,88576
373.13668847084045,88832
373.83084988594055,89088
374.5191638469696,89344
375.21412467956543,89600
375.9275598526001,89856
376.65452003479004,90112
377.3197295665741,90368
378.0115313529968,90624
378.6987142562866,90880
379.39279866218567,91136
380.0864131450653,91392
380.80139231681824,91648
381.4931671619415,91904
382.1836187839508,92160
382.8975782394409,92416
383.5836503505707,92672
384.27302646636963,92928
384.96419978141785,93184
385.6530339717865,93440
386.3453104496002,93696
387.0385615825653,93952
387.726172208786,94208
388.41543197631836,94464
389.10746693611145,94720
389.82672214508057,94976
390.59401082992554,95232
391.2879378795624,95488
391.98590898513794,95744
392.6771216392517,96000
393.3890292644501,96256
394.0823392868042,96512
394.7714583873749,96768
395.46521282196045,97024
396.1565101146698,97280
396.8814070224762,97536
397.5743668079376,97792
398.2634108066559,98048
398.95728826522827,98304
399.6444594860077,98560
400.33840250968933,98816
401.0323874950409,99072
401.7238621711731,99328
402.4111168384552,99584
403.1403748989105,99840
403.8638401031494,100096
404.5639262199402,100352
405.2503614425659,100608
405.9548556804657,100864
406.6470158100128,101120
407.3401777744293,101376
408.0305736064911,101632
408.71751856803894,101888
409.41384100914,102144
410.1024067401886,102400
410.9009220600128,102656
411.59015130996704,102912
412.2822256088257,103168
412.9854488372803,103424
413.6768596172333,103680
414.3700866699219,103936
415.07296991348267,104192
415.7622673511505,104448
416.4508435726166,104704
417.137282371521,104960
417.85313081741333,105216
418.55195021629333,105472
419.2424244880676,105728
419.93446230888367,105984
420.66508388519287,106240
421.3580250740051,106496
422.0498836040497,106752
422.7429277896881,107008
423.4354603290558,107264
424.1452565193176,107520
424.9141535758972,107776
425.6020607948303,108032
426.28842329978943,108288
426.98051166534424,108544
427.68361163139343,108800
428.37409019470215,109056
429.0705235004425,109312
429.7801671028137,109568
430.47488141059875,109824
431.16152906417847,110080
431.8765571117401,110336
432.56938433647156,110592
433.2555363178253,110848
433.95129585266113,111104
434.64031744003296,111360
435.33311581611633,111616
436.0171117782593,111872
436.7100303173065,112128
437.4050488471985,112384
438.09098386764526,112640
438.8136479854584,112896
439.4980227947235,113152
440.19183254241943,113408
440.9092755317688,113664
441.6001102924347,113920
442.2905626296997,114176
442.9893374443054,114432
443.68474769592285,114688
444.3744463920593,114944
445.0724320411682,115200
445.77868580818176,115456
446.47279357910156,115712
447.1576302051544,115968
447.8523995876312,116224
448.54420590400696,116480
449.2349615097046,116736
449.9239423274994,116992
450.65942001342773,117248
451.3516719341278,117504
452.04178190231323,117760
452.7681665420532,118016
453.45891547203064,118272
454.1543939113617,118528
454.845951795578,118784
455.5355818271637,119040
456.22599840164185,119296
456.92184805870056,119552
457.6147289276123,119808
458.30523347854614,120064
458.99688601493835,120320
459.7126955986023,120576
460.4043962955475,120832
461.09934425354004,121088
461.79111099243164,121344
462.47570610046387,121600
463.167950630188,121856
463.8607368469238,122112
464.5483615398407,122368
465.23665285110474,122624
465.92742943763733,122880
466.6386330127716,123136
467.32884192466736,123392
468.0198576450348,123648
468.7087461948395,123904
469.39541697502136,124160
470.0911343097687,124416
470.8737323284149,124672
471.5634105205536,124928
472.25554752349854,125184
472.94306540489197,125440
473.6648383140564,125696
474.3568868637085,125952
475.04771852493286,126208
475.73885107040405,126464
476.4299473762512,126720
477.1207857131958,126976
477.8164553642273,127232
478.5073652267456,127488
479.19654870033264,127744
479.8911643028259,128000
480.7068684101105,128256
481.3977475166321,128512
482.09075260162354,128768
482.78125953674316,129024
483.4722592830658,129280
484.16170167922974,129536
484.8523464202881,129792
485.54025411605835,130048
486.23237562179565,130304
486.9256913661957,130560
487.6484282016754,130816
488.3355300426483,131072
489.02735710144043,131328
489.7339656352997,131584
490.426230430603,131840
491.1202349662781,132096
491.8099093437195,132352
492.500372171402,132608
493.191663980484,132864
493.88335514068604,133120
494.6000545024872,133376
495.2915778160095,133632
495.98335909843445,133888
496.6748516559601,134144
497.3896861076355,134400
498.05746388435364,134656
498.746529340744,134912
499.4367628097534,135168
500.1266088485718,135424
500.9457712173462,135680
501.6635510921478,135936
502.34846568107605,136192
503.03933238983154,136448
503.73072052001953,136704
504.41982531547546,136960
505.1153950691223,137216
505.80331110954285,137472
506.49442648887634,137728
507.1817216873169,137984
507.8739070892334,138240
508.6346342563629,138496
509.32317876815796,138752
510.01326274871826,139008
510.75370717048645,139264
511.4451472759247,139520
512.1335353851318,139776
512.8233757019043,140032
513.5183222293854,140288
514.2089097499847,140544
514.8999648094177,140800
515.6132609844208,141056
516.3050262928009,141312
517.0009670257568,141568
517.6863696575165,141824
518.3774719238281,142080
519.0719239711761,142336
519.7596256732941,142592
520.455785036087,142848
521.1428227424622,143104
521.8358678817749,143360
522.5685722827911,143616
523.2448372840881,143872
523.9364833831787,144128
524.6287438869476,144384
525.3191323280334,144640
526.0117948055267,144896
526.7032680511475,145152
527.3898243904114,145408
528.0804312229156,145664
528.7714290618896,145920
529.4869787693024,146176
530.1800787448883,146432
531.0046901702881,146688
531.6922163963318,146944
532.3847036361694,147200
533.0983169078827,147456
533.7892768383026,147712
534.4873116016388,147968
535.1736640930176,148224
535.8682525157928,148480
536.5867919921875,148736
537.2857728004456,148992
537.9782299995422,149248
538.6679515838623,149504
539.3738467693329,149760
540.0670974254608,150016
540.8040761947632,150272
541.4977629184723,150528
542.18541431427,150784
542.8743546009064,151040
543.6135394573212,151296
544.3387815952301,151552
545.0269637107849,151808
545.7146844863892,152064
546.425518989563,152320
547.1184403896332,152576
547.8078603744507,152832
548.497013092041,153088
549.1912705898285,153344
549.8822710514069,153600
550.6076202392578,153856
551.2995529174805,154112
551.9849033355713,154368
552.6771728992462,154624
553.3781712055206,154880
554.0737771987915,155136
554.7642793655396,155392
555.4543707370758,155648
556.1446163654327,155904
556.8355069160461,156160
557.5520153045654,156416
558.2371470928192,156672
558.9283375740051,156928
559.6208472251892,157184
560.3094685077667,157440
561.0642352104187,157696
561.7554669380188,157952
562.4514820575714,158208
563.1447801589966,158464
563.8363273143768,158720
564.5665006637573,158976
565.2558722496033,159232
565.9475350379944,159488
566.6360502243042,159744
567.3263201713562,160000
568.015955209732,160256
568.7117805480957,160512
569.4029188156128,160768
570.0909118652344,161024
570.9040541648865,161280
571.6477355957031,161536
572.3387494087219,161792
573.0329232215881,162048
573.7240009307861,162304
574.4158184528351,162560
575.1038973331451,162816
575.7922592163086,163072
576.4807183742523,163328
577.173862695694,163584
577.8624196052551,163840
578.5713620185852,164096
579.2620861530304,164352
579.9525678157806,164608
580.6446771621704,164864
581.3494606018066,165120
582.039078950882,165376
582.7285423278809,165632
583.4229295253754,165888
584.1123659610748,166144
584.8075969219208,166400
585.5372915267944,166656
586.2354958057404,166912
586.9199774265289,167168
587.6116926670074,167424
588.320075750351,167680
589.01877617836,167936
589.7086138725281,168192
590.3970801830292,168448
591.0999159812927,168704
591.7870471477509,168960
592.4989473819733,169216
593.1901586055756,169472
593.8813407421112,169728
594.5709025859833,169984
595.2680068016052,170240
595.9559857845306,170496
596.6458837985992,170752
597.3385043144226,171008
598.0293686389923,171264
598.7176616191864,171520
599.4506719112396,171776
600.1347131729126,172032
600.8667902946472,172288
601.5593030452728,172544
602.2668926715851,172800
602.9580538272858,173056
603.6527581214905,173312
604.3433523178101,173568
605.0343770980835,173824
605.7260911464691,174080
606.4392354488373,174336
607.1305215358734,174592
607.8218021392822,174848
608.5148992538452,175104
609.2098250389099,175360
609.8964040279388,175616
610.5868093967438,175872
611.2765769958496,176128
611.9676783084869,176384
612.6604087352753,176640
613.4305007457733,176896
614.1205022335052,177152
614.8142690658569,177408
615.5015361309052,177664
616.1911473274231,177920
616.8804850578308,178176
617.5759527683258,178432
618.2872796058655,178688
618.9749236106873,178944
619.6671097278595,179200
620.3818452358246,179456
621.2037491798401,179712
621.8807911872864,179968
622.5724332332611,180224
623.2613518238068,180480
623.9586696624756,180736
624.6473824977875,180992
625.3369233608246,181248
626.0332090854645,181504
626.7198495864868,181760
627.4400289058685,182016
628.1294043064117,182272
628.8190066814423,182528
629.510659456253,182784
630.2020115852356,183040
630.9368798732758,183296
631.6329410076141,183552
632.3241271972656,183808
633.012398481369,184064
633.7043657302856,184320
634.4229531288147,184576
635.1046278476715,184832
635.7943370342255,185088
636.4861485958099,185344
637.185489654541,185600
637.8760259151459,185856
638.5635974407196,186112
639.2549562454224,186368
639.9481990337372,186624
640.6358239650726,186880
641.3540427684784,187136
642.0389220714569,187392
642.7277975082397,187648
643.420684337616,187904
644.1096415519714,188160
644.8009152412415,188416
645.4874494075775,188672
646.1787688732147,188928
646.868400812149,189184
647.5600004196167,189440
648.2720203399658,189696
648.9623234272003,189952
649.6553304195404,190208
650.3476552963257,190464
651.1958088874817,190720
651.8965158462524,190976
652.5900721549988,191232
653.2811915874481,191488
653.9715619087219,191744
654.6680703163147,192000
655.3821091651917,192256
656.072342634201,192512
656.7623994350433,192768
657.4554154872894,193024
658.1455895900726,193280
658.8429911136627,193536
659.5290098190308,193792
660.2198746204376,194048
660.9629657268524,194304
661.6530117988586,194560
662.3753006458282,194816
663.0674068927765,195072
663.7538871765137,195328
664.4518058300018,195584
665.1405057907104,195840
665.8318572044373,196096
666.5228660106659,196352
667.2140970230103,196608
667.9043374061584,196864
668.5937006473541,197120
669.3133068084717,197376
670.000969171524,197632
670.7312133312225,197888
671.4313833713531,198144
672.1198885440826,198400
672.8084750175476,198656
673.5014882087708,198912
674.1982288360596,199168
674.88547539711,199424
675.5729670524597,199680
676.2851359844208,199936
676.9760074615479,200192
677.665595293045,200448
678.3579466342926,200704
679.0535697937012,200960
679.7479400634766,201216
680.4434885978699,201472
681.2264201641083,201728
681.9221494197845,201984
682.6090562343597,202240
683.3240854740143,202496
684.0154659748077,202752
684.7036101818085,203008
685.3917284011841,203264
686.081591129303,203520
686.7789919376373,203776
687.4664998054504,204032
688.1602618694305,204288
688.8479661941528,204544
689.5373759269714,204800
690.2600877285004,205056
691.0089452266693,205312
691.6968078613281,205568
692.3858969211578,205824
693.0826063156128,206080
693.7719669342041,206336
694.4650139808655,206592
695.1503438949585,206848
695.8433027267456,207104
696.5389339923859,207360
697.2658100128174,207616
697.9595820903778,207872
698.650242805481,208128
699.3393831253052,208384
700.0339336395264,208640
700.7220826148987,208896
701.4188356399536,209152
702.1095187664032,209408
702.8049101829529,209664
703.4902708530426,209920
704.2067947387695,210176
704.8970704078674,210432
705.5862970352173,210688
706.2921643257141,210944
706.9873316287994,211200
707.6745498180389,211456
708.3637676239014,211712
709.0969560146332,211968
709.7559545040131,212224
710.4453613758087,212480
711.3388178348541,212736
712.0303814411163,212992
712.7195677757263,213248
713.4102940559387,213504
714.1026396751404,213760
714.7912013530731,214016
715.481823682785,214272
716.1775276660919,214528
716.8690235614777,214784
717.5643002986908,215040
718.2818818092346,215296
718.9640791416168,215552
719.6543960571289,215808
720.3483686447144,216064
721.0366606712341,216320
721.7288966178894,216576
722.4180183410645,216832
723.1106343269348,217088
723.8018479347229,217344
724.4950394630432,217600
725.2242257595062,217856
725.917387008667,218112
726.6038017272949,218368
727.2939684391022,218624
727.9818096160889,218880
728.6765699386597,219136
729.372635602951,219392
730.0580189228058,219648
730.7494442462921,219904
731.4475235939026,220160
732.164484500885,220416
732.8575065135956,220672
733.5446934700012,220928
734.2403254508972,221184
734.931450843811,221440
735.6201250553131,221696
736.3098554611206,221952
737.001535654068,222208
737.6955327987671,222464
738.3832972049713,222720
739.1052896976471,222976
739.7978265285492,223232
740.49289727211,223488
741.2548816204071,223744
741.9520373344421,224000
742.6400272846222,224256
743.3291456699371,224512
744.0230107307434,224768
744.7123980522156,225024
745.3989291191101,225280
746.111944437027,225536
746.7988333702087,225792
747.4928612709045,226048
748.1797926425934,226304
748.8733923435211,226560
749.5721182823181,226816
750.2649276256561,227072
751.1336300373077,227328
751.8259830474854,227584
752.5201466083527,227840
753.234245300293,228096
753.9265582561493,228352
754.6242303848267,228608
755.311713218689,228864
755.9993526935577,229120
756.6959962844849,229376
757.3925979137421,229632
758.0854825973511,229888
758.7768795490265,230144
759.4755988121033,230400
760.2040615081787,230656
760.8908514976501,230912
761.5870497226715,231168
762.277774810791,231424
762.9724490642548,231680
763.6541540622711,231936
764.3479297161102,232192
765.0366399288177,232448
765.7274866104126,232704
766.4203350543976,232960
767.1383638381958,233216
767.8295006752014,233472
768.5198860168457,233728
769.2125611305237,233984
769.901739358902,234240
770.5980837345123,234496
771.4444155693054,234752
772.135858297348,235008
772.8250072002411,235264
773.5151424407959,235520
774.223473072052,235776
774.9208724498749,236032
775.6061587333679,236288
776.298018693924,236544
776.9869892597198,236800
777.6827924251556,237056
778.3775789737701,237312
779.0733768939972,237568
779.7564158439636,237824
780.4488725662231,238080
781.1615960597992,238336
781.8551940917969,238592
782.5494773387909,238848
783.2339856624603,239104
783.927099943161,239360
784.6174569129944,239616
785.3125443458557,239872
786.0018918514252,240128
786.6912109851837,240384
787.3800299167633,240640
788.0909996032715,240896
788.7827258110046,241152
789.4709198474884,241408
790.1624159812927,241664
790.854608297348,241920
791.5458154678345,242176
792.2379894256592,242432
792.9298169612885,242688
793.6238222122192,242944
794.3137655258179,243200
795.0470459461212,243456
795.7342731952667,243712
796.424485206604,243968
797.1160314083099,244224
797.8068647384644,244480
798.5004315376282,244736
799.1866161823273,244992
799.8792498111725,245248
800.5697402954102,245504
801.3955047130585,245760
802.1259560585022,246016
802.8190770149231,246272
803.5097613334656,246528
804.2018406391144,246784
804.8926663398743,247040
805.5853888988495,247296
806.2831900119781,247552
806.974360704422,247808
807.6616044044495,248064
808.3546314239502,248320
809.0655224323273,248576
809.7554819583893,248832
810.4466133117676,249088
811.1415717601776,249344
811.8298003673553,249600
812.5228796005249,249856
813.2147200107574,250112
813.9056794643402,250368
814.5923962593079,250624
815.2833487987518,250880
816.040277004242,251136
816.7274026870728,251392
817.4202620983124,251648
818.1104300022125,251904
818.8008637428284,252160
819.4888031482697,252416
820.1818187236786,252672
820.8738541603088,252928
821.5647633075714,253184
822.2514231204987,253440
822.9713048934937,253696
823.6542975902557,253952
824.3476257324219,254208
825.0392224788666,254464
825.7301342487335,254720
826.4245908260345,254976
827.1138899326324,255232
827.8037331104279,255488
828.4954524040222,255744
829.185001373291,256000
829.9134712219238,256256
830.6177217960358,256512
831.4111700057983,256768
832.1049463748932,257024
832.8001742362976,257280
833.4879088401794,257536
834.182599067688,257792
834.8735775947571,258048
835.5625703334808,258304
836.2537977695465,258560
836.9672174453735,258816
837.6582877635956,259072
838.3473780155182,259328
839.037544965744,259584
839.7340266704559,259840
840.4524281024933,260096
841.3242833614349,260352
842.0140655040741,260608
842.7079284191132,260864
843.4108500480652,261120
844.1468596458435,261376
844.8517515659332,261632
845.5457274913788,261888
846.2336251735687,262144
846.9289307594299,262400
847.6176280975342,262656
848.3239941596985,262912
849.0206909179688,263168
849.7095053195953,263424
850.400404214859,263680
851.1176300048828,263936
851.8098094463348,264192
852.5013773441315,264448
853.1910011768341,264704
853.8798606395721,264960
854.5890078544617,265216
855.2792975902557,265472
855.9700353145599,265728
856.6658463478088,265984
857.3622467517853,266240
858.0738735198975,266496
858.770236492157,266752
859.4547946453094,267008
860.1454195976257,267264
860.8370959758759,267520
861.555376291275,267776
862.2468123435974,268032
862.93514752388,268288
863.6284258365631,268544
864.318110704422,268800
865.0296220779419,269056
865.7322628498077,269312
866.4246518611908,269568
867.1152882575989,269824
867.8029315471649,270080
868.4939470291138,270336
869.1900675296783,270592
869.8850741386414,270848
870.5755729675293,271104
871.2658224105835,271360
871.9805896282196,271616
872.6705634593964,271872
873.3633553981781,272128
874.0530762672424,272384
874.7472174167633,272640
875.4326817989349,272896
876.1264379024506,273152
876.8136918544769,273408
877.5056841373444,273664
878.194488286972,273920
878.9388267993927,274176
879.622528553009,274432
880.3117818832397,274688
881.0032515525818,274944
881.692967414856,275200
882.3885023593903,275456
883.0817286968231,275712
883.7703597545624,275968
884.4607999324799,276224
885.150951385498,276480
885.8725457191467,276736
886.565376996994,276992
887.256032705307,277248
887.9455833435059,277504
888.6372168064117,277760
889.3340554237366,278016
890.0282351970673,278272
890.7196362018585,278528
891.5171990394592,278784
892.2109615802765,279040
892.9443700313568,279296
893.6366474628448,279552
894.3233172893524,279808
895.0159823894501,280064
895.70365691185,280320
896.3943860530853,280576
897.0964767932892,280832
897.7750945091248,281088
898.476557970047,281344
899.1648304462433,281600
899.8784041404724,281856
900.5718607902527,282112
901.358781337738,282368
902.0484912395477,282624
902.738133430481,282880
903.4291253089905,283136
904.1248252391815,283392
904.8178198337555,283648
905.508556842804,283904
906.202755689621,284160
906.9240078926086,284416
907.6200668811798,284672
908.3175089359283,284928
909.0029542446136,285184
909.6947553157806,285440
910.3819093704224,285696
911.0766916275024,285952
911.7650377750397,286208
912.4542133808136,286464
913.1455762386322,286720
913.8680319786072,286976
914.567551612854,287232
915.2537980079651,287488
915.9448206424713,287744
916.6336300373077,288000
917.3264911174774,288256
918.0189249515533,288512
918.7153491973877,288768
919.4045951366425,289024
920.1073687076569,289280
920.8094351291656,289536
921.6460151672363,289792
922.3393411636353,290048
923.0309908390045,290304
923.7252306938171,290560
924.4170732498169,290816
925.110963344574,291072
925.7999680042267,291328
926.5037803649902,291584
927.1914658546448,291840
927.9049472808838,292096
928.5959939956665,292352
929.2837991714478,292608
929.9773626327515,292864
930.6680674552917,293120
931.3606774806976,293376
932.0514717102051,293632
932.7413337230682,293888
933.4282991886139,294144
934.119927406311,294400
934.834710597992,294656
935.5256326198578,294912
936.2186596393585,295168
936.906082868576,295424
937.5975930690765,295680
938.2856194972992,295936
938.9825086593628,296192
939.6690030097961,296448
940.3612387180328,296704
941.0518991947174,296960
941.7673299312592,297216
942.486701965332,297472
943.1745810508728,297728
943.8657410144806,297984
944.5560357570648,298240
945.2467775344849,298496
945.9434385299683,298752
946.6289985179901,299008
947.3213195800781,299264
948.0113368034363,299520
948.7291073799133,299776
949.4225158691406,300032
950.1146519184113,300288
950.8083100318909,300544
951.6518001556396,300800
952.3419315814972,301056
953.0316932201385,301312
953.7212738990784,301568
954.413565158844,301824
955.1048476696014,302080
955.8334729671478,302336
956.5258345603943,302592
957.217634677887,302848
957.9087147712708,303104
958.6001086235046,303360
959.2904980182648,303616
959.9807634353638,303872
960.6727561950684,304128
961.4259555339813,304384
962.1175301074982,304640
962.836877822876,304896
963.5141248703003,305152
964.2120590209961,305408
964.8994884490967,305664
965.5947213172913,305920
966.282919883728,306176
967.0005180835724,306432
967.6862826347351,306688
968.377854347229,306944
969.0739150047302,307200
969.7876732349396,307456
970.4820835590363,307712
971.1733133792877,307968
971.8635337352753,308224
972.5560057163239,308480
973.2452781200409,308736
973.9381096363068,308992
974.6273801326752,309248
975.3223440647125,309504
976.009907245636,309760
976.7276179790497,310016
977.4207785129547,310272
978.1125085353851,310528
978.7999579906464,310784
979.4913425445557,311040
980.1822316646576,311296
980.8752295970917,311552
981.7119724750519,311808
982.4047665596008,312064
983.1043574810028,312320
983.8204095363617,312576
984.507735490799,312832
985.1976203918457,313088
985.8905515670776,313344
986.5824813842773,313600
987.2847485542297,313856
987.9746010303497,314112
988.6626312732697,314368
989.379311800003,314624
990.067697763443,314880
990.8008143901825,315136
991.5357184410095,315392
992.2277328968048,315648
992.9160606861115,315904
993.6148641109467,316160
994.3064427375793,316416
994.9988610744476,316672
995.6877989768982,316928
996.378680229187,317184
997.0695450305939,317440
997.7820861339569,317696
998.4718115329742,317952
999.1609711647034,318208
999.8505403995514,318464
1000.5413956642151,318720
1001.2343034744263,318976
1001.9211611747742,319232
1002.612770318985,319488
1003.3023235797882,319744
1003.993546962738,320000
1004.7151112556458,320256
1005.4017195701599,320512
1006.0886907577515,320768
1006.7831020355225,321024
1007.5148589611053,321280
1008.1647980213165,321536
1008.8489127159119,321792
1009.5417859554291,322048
1010.2374186515808,322304
1010.9272954463959,322560
1011.822288274765,322816
1012.5562102794647,323072
1013.2028179168701,323328
1013.8951804637909,323584
1014.5842161178589,323840
1015.2804334163666,324096
1015.9792129993439,324352
1016.6560411453247,324608
1017.3503661155701,324864
1018.0498929023743,325120
1018.7739641666412,325376
1019.4607875347137,325632
1020.1571416854858,325888
1020.8463189601898,326144
1021.5986359119415,326400
1022.2951710224152,326656
1022.9888396263123,326912
1023.6903483867645,327168
1024.3812699317932,327424
1025.0834560394287,327680
1025.8180708885193,327936
1026.5074093341827,328192
1027.194977760315,328448
1027.9083058834076,328704
1028.595754623413,328960
1029.2898571491241,329216
1029.9793813228607,329472
1030.674809217453,329728
1031.364051580429,329984
1032.0565567016602,330240
1032.7747519016266,330496
1033.4738523960114,330752
1034.1759281158447,331008
1034.874004125595,331264
1035.5598011016846,331520
1036.2560019493103,331776
1036.946545124054,332032
1037.6348683834076,332288
1038.33162856102,332544
1039.0192544460297,332800
1039.7479648590088,333056
1040.4409255981445,333312
1041.1323492527008,333568
1041.858669757843,333824
1042.5496490001678,334080
1043.2635426521301,334336
1043.9557838439941,334592
1044.6439278125763,334848
1045.3356115818024,335104
1046.0262944698334,335360
1046.7692930698395,335616
1047.4619290828705,335872
1048.164303302765,336128
1048.8559818267822,336384
1049.545936346054,336640
1050.2375152111053,336896
1050.9267690181732,337152
1051.6204404830933,337408
1052.3126697540283,337664
1053.0119850635529,337920
1053.7191004753113,338176
1054.422935962677,338432
1055.1214866638184,338688
1055.8090720176697,338944
1056.4986732006073,339200
1057.1870846748352,339456
1057.8828475475311,339712
1058.5778031349182,339968
1059.2673757076263,340224
1059.9557688236237,340480
1060.6848394870758,340736
1061.3709452152252,340992
1062.0604553222656,341248
1062.7518591880798,341504
1063.4414236545563,341760
1064.1338195800781,342016
1064.8235268592834,342272
1065.519966840744,342528
1066.206843137741,342784
1066.8978412151337,343040
1067.63010764122,343296
1068.363282442093,343552
1069.0108842849731,343808
1069.701709985733,344064
1070.3934831619263,344320
1071.0899765491486,344576
1071.88551735878,344832
1072.573279619217,345088
1073.2634091377258,345344
1073.9584968090057,345600
1074.683475971222,345856
1075.3648262023926,346112
1076.0564799308777,346368
1076.7458243370056,346624
1077.4408400058746,346880
1078.127319097519,347136
1078.8221743106842,347392
1079.509351015091,347648
1080.2043507099152,347904
1080.8905787467957,348160
1081.638417005539,348416
1082.3301048278809,348672
1083.0222098827362,348928
1083.7092099189758,349184
1084.4027736186981,349440
1085.1015870571136,349696
1085.7848510742188,349952
1086.474838733673,350208
1087.172575712204,350464
1087.8637919425964,350720
1088.5773465633392,350976
1089.2686517238617,351232
1089.9556164741516,351488
1090.6501774787903,351744
1091.3379921913147,352000
1092.0316231250763,352256
1092.7231798171997,352512
1093.4138085842133,352768
1094.1046421527863,353024
1094.799821138382,353280
1095.5206124782562,353536
1096.2037825584412,353792
1096.8966400623322,354048
1097.602541923523,354304
1098.2780520915985,354560
1098.966004371643,354816
1099.6606636047363,355072
1100.348951101303,355328
1101.0373544692993,355584
1101.9177312850952,355840
1102.6374304294586,356096
1103.3303768634796,356352
1104.0324349403381,356608
1104.71977353096,356864
1105.41251039505,357120
1106.101236820221,357376
1106.7937161922455,357632
1107.4846858978271,357888
1108.178219795227,358144
1108.867033481598,358400
1109.5887937545776,358656
1110.2860748767853,358912
1110.9712464809418,359168
1111.7048614025116,359424
1112.3964548110962,359680
1113.1038179397583,359936
1113.7881407737732,360192
1114.4822313785553,360448
1115.171365737915,360704
1115.8627727031708,360960
1116.5862212181091,361216
1117.2749049663544,361472
1117.968544960022,361728
1118.6584522724152,361984
1119.350717306137,362240
1120.041660308838,362496
1120.73464179039,362752
1121.420814037323,363008
1122.1125538349152,363264
1122.8075742721558,363520
1123.5196504592896,363776
1124.2162895202637,364032
1124.9090626239777,364288
1125.605075597763,364544
1126.2941002845764,364800
1126.9848458766937,365056
1127.6754033565521,365312
1128.368668794632,365568
1129.0592331886292,365824
1129.7512271404266,366080
1130.4662787914276,366336
1131.155771970749,366592
1131.9697012901306,366848
1132.6628911495209,367104
1133.3519523143768,367360
1134.0650310516357,367616
1134.742105960846,367872
1135.4325346946716,368128
1136.1198267936707,368384
1136.8099217414856,368640
1137.541297197342,368896
1138.230642080307,369152
1138.9227032661438,369408
1139.613986492157,369664
1140.3071854114532,369920
1140.9953563213348,370176
1141.7692472934723,370432
1142.456601858139,370688
1143.152872800827,370944
1143.847579717636,371200
1144.5551297664642,371456
1145.2542583942413,371712
1145.9459040164948,371968
1146.6374909877777,372224
1147.3269641399384,372480
1148.0196061134338,372736
1148.7070744037628,372992
1149.399162530899,373248
1150.0878131389618,373504
1150.7835414409637,373760
1151.544102191925,374016
1152.2377212047577,374272
1152.9283299446106,374528
1153.6217613220215,374784
1154.311401605606,375040
1154.999505996704,375296
1155.6906037330627,375552
1156.380609512329,375808
1157.0712971687317,376064
1157.7682349681854,376320
1158.4804246425629,376576
1159.167580127716,376832
1159.8629899024963,377088
1160.5565326213837,377344
1161.2436728477478,377600
1162.01633477211,377856
1162.7092235088348,378112
1163.396904706955,378368
1164.0941967964172,378624
1164.781890153885,378880
1165.5084812641144,379136
1166.1841428279877,379392
1166.877737045288,379648
1167.565366268158,379904
1168.2580864429474,380160
1168.9466652870178,380416
1169.6450181007385,380672
1170.3366060256958,380928
1171.027319908142,381184
1171.781858921051,381440
1172.490888118744,381696
1173.1822538375854,381952
1173.8725576400757,382208
1174.560559272766,382464
1175.2540872097015,382720
1175.9425871372223,382976
1176.6420114040375,383232
1177.3345005512238,383488
1178.0225563049316,383744
1178.7112424373627,384000
1179.4313941001892,384256
1180.1225883960724,384512
1180.813546180725,384768
1181.5036146640778,385024
1182.1930491924286,385280
1182.8838453292847,385536
1183.5824344158173,385792
1184.2717928886414,386048
1184.962541103363,386304
1185.6518158912659,386560
1186.3646528720856,386816
1187.0718762874603,387072
1187.7518212795258,387328
1188.4513292312622,387584
1189.1785345077515,387840
1189.865064382553,388096
1190.5585741996765,388352
1191.2498207092285,388608
1192.0953805446625,388864
1192.790649652481,389120
1193.5122621059418,389376
1194.1988778114319,389632
1194.8880071640015,389888
1195.5954840183258,390144
1196.2968773841858,390400
1197.0050070285797,390656
1197.7036368846893,390912
1198.3951137065887,391168
1199.0887405872345,391424
1199.7778868675232,391680
1200.4917631149292,391936
1201.1881880760193,392192
1201.8797376155853,392448
1202.5701310634613,392704
1203.274832725525,392960
1203.9650738239288,393216
1204.655665397644,393472
1205.3472068309784,393728
1206.0394344329834,393984
1206.729252576828,394240
1207.4427106380463,394496
1208.1369907855988,394752
1208.8248612880707,395008
1209.5132927894592,395264
1210.2065980434418,395520
1210.9003007411957,395776
1211.5921459197998,396032
1212.2846460342407,396288
1212.9743983745575,396544
1213.6622455120087,396800
1214.4284272193909,397056
1215.120432138443,397312
1215.8158452510834,397568
1216.5054671764374,397824
1217.1966264247894,398080
1217.8998789787292,398336
1218.592654466629,398592
1219.2822184562683,398848
1219.9784200191498,399104
1220.6993880271912,399360
1221.3869659900665,399616
1222.1537635326385,399872
1222.8453464508057,400128
1223.5361721515656,400384
1224.2320458889008,400640
1224.9211595058441,400896
1225.6113078594208,401152
1226.304922580719,401408
1226.9956023693085,401664
1227.681997537613,401920
1228.3990478515625,402176
1229.1020722389221,402432
1229.7928490638733,402688
1230.4865550994873,402944
1231.2073063850403,403200
1232.0298492908478,403456
1232.7227306365967,403712
1233.4119386672974,403968
1234.1042346954346,404224
1234.8111505508423,404480
1235.5283999443054,404736
1236.2358667850494,404992
1236.949848651886,405248
1237.6391792297363,405504
1238.340494632721,405760
1239.0337150096893,406016
1239.7247128486633,406272
1240.4114110469818,406528
1241.1270759105682,406784
1241.8203482627869,407040
1242.5292773246765,407296
1243.2229373455048,407552
1243.9147341251373,407808
1244.605967760086,408064
1245.290887594223,408320
1245.9797213077545,408576
1246.6785492897034,408832
1247.3715651035309,409088
1248.0650384426117,409344
1248.755714416504,409600
1249.468987941742,409856
1250.1583960056305,410112
1250.8521089553833,410368
1251.5414445400238,410624
1252.2917912006378,410880
1252.9830808639526,411136
1253.6713631153107,411392
1254.3655710220337,411648
1255.05841588974,411904
1255.7481174468994,412160
1256.461005449295,412416
1257.1561784744263,412672
1257.8469054698944,412928
1258.5489146709442,413184
1259.239441394806,413440
1259.928584575653,413696
1260.6268055438995,413952
1261.3093457221985,414208
1262.0520803928375,414464
1262.7418835163116,414720
1263.4560084342957,414976
1264.1475977897644,415232
1264.8389234542847,415488
1265.528944015503,415744
1266.219326019287,416000
1266.9168889522552,416256
1267.60444688797,416512
1268.3005774021149,416768
1268.9912912845612,417024
1269.6821069717407,417280
1270.393756866455,417536
1271.0914669036865,417792
1271.7815294265747,418048
1272.4735050201416,418304
1273.1665256023407,418560
1273.8574697971344,418816
1274.5541384220123,419072
1275.2448036670685,419328
1275.9391090869904,419584
1276.692619562149,419840
1277.3583900928497,420096
1278.0548396110535,420352
1278.740617275238,420608
1279.4334354400635,420864
1280.1200177669525,421120
1280.8101408481598,421376
1281.5022761821747,421632
1282.2314598560333,421888
1282.924659729004,422144
1283.6168847084045,422400
1284.3331944942474,422656
1285.026532649994,422912
1285.7207870483398,423168
1286.4082880020142,423424
1287.102642774582,423680
1287.797116279602,423936
1288.489891052246,424192
1289.178273677826,424448
1289.869110584259,424704
1290.5623214244843,424960
1291.272436618805,425216
1292.1291382312775,425472
1292.799059867859,425728
1293.4874820709229,425984
1294.177726507187,426240
1294.8700485229492,426496
1295.5605735778809,426752
1296.2486703395844,427008
1296.9378399848938,427264
1297.6311757564545,427520
1298.3539855480194,427776
1299.0352935791016,428032
1299.7262704372406,428288
1300.4183566570282,428544
1301.1100544929504,428800
1301.8013637065887,429056
1302.537227153778,429312
1303.2241954803467,429568
1303.912835597992,429824
1304.605745792389,430080
1305.3256764411926,430336
1306.0099976062775,430592
1306.698707818985,430848
1307.3914692401886,431104
1308.0828807353973,431360
1308.779708147049,431616
1309.4637792110443,431872
1310.155058145523,432128
1310.8584146499634,432384
1311.5429980754852,432640
1312.3049380779266,432896
1312.9912588596344,433152
1313.6826860904694,433408
1314.3755087852478,433664
1315.0665459632874,433920
1315.7558546066284,434176
1316.4485976696014,434432
1317.1391062736511,434688
1317.8328700065613,434944
1318.5269684791565,435200
1319.2353506088257,435456
1319.9266440868378,435712
1320.614676475525,435968
1321.3088684082031,436224
1322.0410177707672,436480
1322.7312631607056,436736
1323.421984910965,436992
1324.1112658977509,437248
1324.8093059062958,437504
1325.4947531223297,437760
1326.223822593689,438016
1326.9149870872498,438272
1327.6067698001862,438528
1328.2979261875153,438784
1328.9872608184814,439040
1329.6799998283386,439296
1330.367865562439,439552
1331.0602912902832,439808
1331.7508020401,440064
1332.437165737152,440320
1333.1877222061157,440576
1333.8816194534302,440832
1334.5701806545258,441088
1335.2606165409088,441344
1335.9513294696808,441600
1336.6456999778748,441856
1337.3380296230316,442112
1338.0275201797485,442368
1338.7164192199707,442624
1339.4063127040863,442880
1340.1270108222961,443136
1340.8183195590973,443392
1341.5063252449036,443648
1342.3713462352753,443904
1343.0613570213318,444160
1343.7537236213684,444416
1344.4469876289368,444672
1345.1394476890564,444928
1345.8311519622803,445184
1346.5179183483124,445440
1347.247353553772,445696
1347.93754696846,445952
1348.6275925636292,446208
1349.3165855407715,446464
1350.00527882576,446720
1350.7001724243164,446976
1351.3966999053955,447232
1352.0905361175537,447488
1352.7895996570587,447744
1353.4859220981598,448000
1354.2017228603363,448256
1354.8908581733704,448512
1355.5804314613342,448768
1356.2712652683258,449024
1356.9666786193848,449280
1357.6742715835571,449536
1358.3699159622192,449792
1359.065833568573,450048
1359.7544012069702,450304
1360.4436764717102,450560
1361.1928844451904,450816
1361.883227109909,451072
1362.5762827396393,451328
1363.2948427200317,451584
1363.977763414383,451840
1364.673856973648,452096
1365.385091304779,452352
1366.0710680484772,452608
1366.7597484588623,452864
1367.452330827713,453120
1368.187856912613,453376
1368.8889536857605,453632
1369.5830175876617,453888
1370.2700464725494,454144
1370.9662611484528,454400
1371.6657707691193,454656
1372.485761165619,454912
1373.1768786907196,455168
1373.8682205677032,455424
1374.5589275360107,455680
1375.2938306331635,455936
1375.9875285625458,456192
1376.6760771274567,456448
1377.3687994480133,456704
1378.057930469513,456960
1378.77556848526,457216
1379.4691324234009,457472
1380.1567511558533,457728
1380.847393989563,457984
1381.5445704460144,458240
1382.3224437236786,458496
1382.9957892894745,458752
1383.683280467987,459008
1384.3749558925629,459264
1385.0662519931793,459520
1385.7556927204132,459776
1386.445633649826,460032
1387.140337228775,460288
1387.833853006363,460544
1388.5210132598877,460800
1389.2346711158752,461056
1389.9249775409698,461312
1390.631686449051,461568
1391.3593726158142,461824
1392.0568323135376,462080
1392.7553946971893,462336
1393.460925102234,462592
1394.1847360134125,462848
1394.8911969661713,463104
1395.6097412109375,463360
1396.3478338718414,463616
1397.051521539688,463872
1397.7602546215057,464128
1398.470312833786,464384
1399.1682155132294,464640
1399.858183145523,464896
1400.5472631454468,465152
1401.2390213012695,465408
1402.1525886058807,465664
1402.6291692256927,465920
1403.3959171772003,466176
1404.0816249847412,466432
1404.7679114341736,466688
1405.4617371559143,466944
1406.151772260666,467200
1406.8536458015442,467456
1407.5367848873138,467712
1408.2309114933014,467968
1408.9303452968597,468224
1409.6242763996124,468480
1410.3330318927765,468736
1411.0222272872925,468992
1411.7279479503632,469248
1412.5439658164978,469504
1413.256047964096,469760
1413.9485201835632,470016
1414.6410357952118,470272
1415.3315088748932,470528
1416.0222492218018,470784
1416.7112121582031,471040
1417.4515545368195,471296
1418.1419491767883,471552
1418.8383395671844,471808
1419.5470125675201,472064
1420.233388185501,472320
1420.926565170288,472576
1421.6206591129303,472832
1422.3157405853271,473088
1423.0148520469666,473344
1423.6954033374786,473600
1424.437936782837,473856
1425.1430099010468,474112
1425.82355260849,474368
1426.521763086319,474624
1427.2090151309967,474880
1427.9024407863617,475136
1428.5964906215668,475392
1429.2866842746735,475648
1429.9836888313293,475904
1430.6729731559753,476160
1431.389140844345,476416
1432.192684173584,476672
1432.8956620693207,476928
1433.5941052436829,477184
1434.2775573730469,477440
1434.9701626300812,477696
1435.6635265350342,477952
1436.35249710083,478208
1437.0415427684784,478464
1437.7367506027222,478720
1438.463297843933,478976
1439.1515147686005,479232
1439.8401432037354,479488
1440.5318448543549,479744
1441.2239861488342,480000
1441.9131569862366,480256
1442.6928153038025,480512
1443.4073009490967,480768
1444.1013672351837,481024
1444.8466246128082,481280
1445.5514051914215,481536
1446.2441184520721,481792
1446.941487789154,482048
1447.623771905899,482304
1448.3192923069,482560
1449.009916305542,482816
1449.7053122520447,483072
1450.3971545696259,483328
1451.0859744548798,483584
1451.7745151519775,483840
1452.4981138706207,484096
1453.187752008438,484352
1453.878800868988,484608
1454.5716106891632,484864
1455.2693593502045,485120
1455.9608852863312,485376
1456.6543271541595,485632
1457.3473880290985,485888
1458.0449452400208,486144
1458.7273998260498,486400
1459.4472024440765,486656
1460.145770072937,486912
1460.8341054916382,487168
1461.523221731186,487424
1462.2172303199768,487680
1462.9057567119598,487936
1463.6015479564667,488192
1464.294994354248,488448
1464.9801802635193,488704
1465.6711134910583,488960
1466.386522769928,489216
1467.0818712711334,489472
1467.7736134529114,489728
1468.4594492912292,489984
1469.1514825820923,490240
1469.8432829380035,490496
1470.544648885727,490752
1471.2376160621643,491008
1471.9317479133606,491264
1472.6212697029114,491520
1473.350656747818,491776
1474.0421817302704,492032
1474.7368063926697,492288
1475.4535830020905,492544
1476.1443948745728,492800
1476.8797490596771,493056
1477.5736908912659,493312
1478.2653739452362,493568
1478.987613916397,493824
1479.686502456665,494080
1480.4660329818726,494336
1481.143911600113,494592
1481.843962430954,494848
1482.5413649082184,495104
1483.2788095474243,495360
1483.9413847923279,495616
1484.6316270828247,495872
1485.3246026039124,496128
1486.0143821239471,496384
1486.7063302993774,496640
1487.4345543384552,496896
1488.1192638874054,497152
1488.8159036636353,497408
1489.5230042934418,497664
1490.2430517673492,497920
1490.9540483951569,498176
1491.6496496200562,498432
1492.338570356369,498688
1493.0443670749664,498944
1493.752878189087,499200
1494.4686942100525,499456
1495.1575720310211,499712
1495.900498867035,499968
1496.5690188407898,500224
1497.2581639289856,500480
1497.9531614780426,500736
1498.6435730457306,500992
1499.3359797000885,501248
1500.0302517414093,501504
1500.7231085300446,501760
1501.440826177597,502016
1502.1275157928467,502272
1502.9021501541138,502528
1503.603845357895,502784
1504.302300453186,503040
1504.9933252334595,503296
1505.6877870559692,503552
1506.4168059825897,503808
1507.1199009418488,504064
1507.826185464859,504320
1508.538969039917,504576
1509.2316198349,504832
1509.9217510223389,505088
1510.6173672676086,505344
1511.3116800785065,505600
1511.9978218078613,505856
1512.694593667984,506112
1513.3835446834564,506368
1514.077796459198,506624
1514.7639598846436,506880
1515.498132944107,507136
1516.1973114013672,507392
1516.8894624710083,507648
1517.5796067714691,507904
1518.2755372524261,508160
1518.9629399776459,508416
1519.6955769062042,508672
1520.3809788227081,508928
1521.074699640274,509184
1521.7901139259338,509440
1522.8106141090393,509696
1523.515653371811,509952
1524.211667060852,510208
1524.8973124027252,510464
1525.641319513321,510720
1526.3381397724152,510976
1527.028071641922,511232
1527.720679283142,511488
1528.412199497223,511744
1529.1041345596313,512000
1529.8217506408691,512256
1530.5444173812866,512512
1531.221568107605,512768
1531.9188117980957,513024
1532.7253000736237,513280
1533.422046661377,513536
1534.116528749466,513792
1534.8031556606293,514048
1535.4959144592285,514304
1536.2162804603577,514560
1536.9567975997925,514816
1537.6613578796387,515072
1538.3664302825928,515328
1539.0661487579346,515584
1539.750564813614,515840
1540.4466679096222,516096
1541.1290018558502,516352
1541.8213620185852,516608
1542.5149402618408,516864
1543.2085809707642,517120
1543.920222043991,517376
1544.628625869751,517632
1545.3255627155304,517888
1546.009109735489,518144
1546.7132349014282,518400
1547.4105067253113,518656
1548.0976481437683,518912
1548.7919027805328,519168
1549.4821953773499,519424
1550.1837797164917,519680
1550.9155402183533,519936
1551.6178815364838,520192
1552.314127445221,520448
1553.0159883499146,520704
1553.7096605300903,520960
1554.4010560512543,521216
1555.0971193313599,521472
1555.7869846820831,521728
1556.4761772155762,521984
1557.2039947509766,522240
1557.957766532898,522496
1558.6508038043976,522752
1559.338954925537,523008
1560.0327949523926,523264
1560.7314460277557,523520
1561.41628408432,523776
1562.1089601516724,524032
1562.8006355762482,524288
1563.4866874217987,524544
1564.1797478199005,524800
1564.8977348804474,525056
1565.6233637332916,525312
1566.3079838752747,525568
1567.1288044452667,525824
1567.8468017578125,526080
1568.5583143234253,526336
1569.246361732483,526592
1569.9393022060394,526848
1570.6317954063416,527104
1571.3265225887299,527360
1572.0448172092438,527616
1572.756159067154,527872
1573.448911190033,528128
1574.1425437927246,528384
1574.8317732810974,528640
1575.5237216949463,528896
1576.261871099472,529152
1576.9442446231842,529408
1577.6480882167816,529664
1578.342208147049,529920
1579.1173150539398,530176
1579.7823452949524,530432
1580.489454984665,530688
1581.1772389411926,530944
1581.877081155777,531200
1582.5691866874695,531456
1583.3019354343414,531712
1583.9885091781616,531968
1584.678884267807,532224
1585.3721525669098,532480
1586.0838253498077,532736
1587.040812253952,532992
1587.7288448810577,533248
1588.4232370853424,533504
1589.1105785369873,533760
1589.8029854297638,534016
1590.4941110610962,534272
1591.1851139068604,534528
1591.8751940727234,534784
1592.5667748451233,535040
1593.3087697029114,535296
1593.9939193725586,535552
1594.6865801811218,535808
1595.3837893009186,536064
1596.075189590454,536320
1596.9345722198486,536576
1597.631618976593,536832
1598.3702700138092,537088
1599.0466694831848,537344
1599.7559990882874,537600
1600.471913576126,537856
1601.175965309143,538112
1601.8720254898071,538368
1602.5758566856384,538624
1603.2595965862274,538880
1603.9526388645172,539136
1604.6458957195282,539392
1605.3376359939575,539648
1606.026068687439,539904
1606.7188255786896,540160
1607.4511988162994,540416
1608.141529083252,540672
1608.832971572876,540928
1609.534204006195,541184
1610.2239496707916,541440
1610.9155974388123,541696
1611.6063168048859,541952
1612.2988772392273,542208
1612.9969127178192,542464
1613.717208623886,542720
1614.4325022697449,542976
1615.1414155960083,543232
1615.8341643810272,543488
1616.5236649513245,543744
1617.234332561493,544000
1617.9185435771942,544256
1618.6370384693146,544512
1619.3086378574371,544768
1620.000480413437,545024
1620.6936528682709,545280
1621.4044406414032,545536
1622.0948548316956,545792
1622.7891409397125,546048
1623.4821381568909,546304
1624.1758618354797,546560
1624.861074924469,546816
1625.5485968589783,547072
1626.242974281311,547328
1626.9516308307648,547584
1627.6535832881927,547840
1628.4140107631683,548096
1629.165824174881,548352
1629.8581075668335,548608
1630.5524973869324,548864
1631.2444624900818,549120
1631.9517183303833,549376
1632.644942522049,549632
1633.3297095298767,549888
1634.0581998825073,550144
1634.749665737152,550400
1635.4626939296722,550656
1636.1544060707092,550912
1636.8461775779724,551168
1637.5378127098083,551424
1638.2370183467865,551680
1638.920863866806,551936
1639.6138396263123,552192
1640.3037362098694,552448
1640.995813369751,552704
1641.7097828388214,552960
1642.4102566242218,553216
1643.103006362915,553472
1643.7950501441956,553728
1644.513992547989,553984
1645.1959371566772,554240
1645.9119999408722,554496
1646.6038014888763,554752
1647.3010458946228,555008
1648.0063576698303,555264
1648.731682062149,555520
1649.46999168396,555776
1650.1513831615448,556032
1650.8466529846191,556288
1651.5458195209503,556544
1652.237205505371,556800
1652.9239146709442,557056
1653.6141951084137,557312
1654.3079330921173,557568
1654.9981071949005,557824
1655.6976120471954,558080
1656.4045822620392,558336
1657.1039159297943,558592
1657.7971332073212,558848
1658.487591266632,559104
1659.2095592021942,559360
1659.8996210098267,559616
1660.5892663002014,559872
1661.2890121936798,560128
1662.3703436851501,560384
1662.9132974147797,560640
1663.6364994049072,560896
1664.3376467227936,561152
1665.0492975711823,561408
1665.7427296638489,561664
1666.4560871124268,561920
1667.1533198356628,562176
1667.8461756706238,562432
1668.5440304279327,562688
1669.2372891902924,562944
1669.9366381168365,563200
1670.6755306720734,563456
1671.3752574920654,563712
1672.0684070587158,563968
1672.7592508792877,564224
1673.4511291980743,564480
1674.1439814567566,564736
1674.8451554775238,564992
1675.5351650714874,565248
1676.225774049759,565504
1676.931864976883,565760
1677.6653785705566,566016
1678.3697752952576,566272
1679.0698409080505,566528
1679.763736486435,566784
1680.4652366638184,567040
1681.1511096954346,567296
1681.8433363437653,567552
1682.532261133194,567808
1683.2322783470154,568064
1683.9304239749908,568320
1684.6386606693268,568576
1685.3320372104645,568832
1686.0194120407104,569088
1686.7117540836334,569344
1687.4065508842468,569600
1688.0959553718567,569856
1688.790067434311,570112
1689.4918265342712,570368
1690.1696908473969,570624
1690.8737168312073,570880
1691.6179082393646,571136
1692.2873039245605,571392
1692.9778575897217,571648
1693.665287733078,571904
1694.3610973358154,572160
1695.054582118988,572416
1695.7611269950867,572672
1696.4520490169525,572928
1697.1368479728699,573184
1697.8298037052155,573440
1698.5600261688232,573696
1699.2509672641754,573952
1699.9442644119263,574208
1700.6674859523773,574464
1701.3437249660492,574720
1702.0408115386963,574976
1702.7378029823303,575232
1703.4445037841797,575488
1704.1307096481323,575744
1704.8224031925201,576000
1705.869069814682,576256
1706.5056862831116,576512
1707.1975543498993,576768
1707.8917944431305,577024
1708.5866413116455,577280
1709.2773177623749,577536
1709.9727907180786,577792
1710.656221628189,578048
1711.3546907901764,578304
1712.0510592460632,578560
1712.761229276657,578816
1713.4582841396332,579072
1714.147604227066,579328
1714.8397946357727,579584
1715.7509186267853,579840
1716.4680478572845,580096
1717.161861896515,580352
1717.8465280532837,580608
1718.5404818058014,580864
1719.2327816486359,581120
1719.9493856430054,581376
1720.6373047828674,581632
1721.3267829418182,581888
1722.0280158519745,582144
1722.7171142101288,582400
1723.4069678783417,582656
1724.1005458831787,582912
1724.7906513214111,583168
1725.4859635829926,583424
1726.174394607544,583680
1726.9131247997284,583936
1727.6337435245514,584192
1728.3196768760681,584448
1729.0170602798462,584704
1729.7093539237976,584960
1730.400637626648,585216
1731.0915985107422,585472
1731.784298658371,585728
1732.475385427475,585984
1733.1740047931671,586240
1733.8918297290802,586496
1734.5920872688293,586752
1735.2868230342865,587008
1735.9766430854797,587264
1736.6788485050201,587520
1737.3560042381287,587776
1738.0488665103912,588032
1738.7525570392609,588288
1739.4631090164185,588544
1740.1522681713104,588800
1740.8757305145264,589056
1741.5670275688171,589312
1742.25910282135,589568
1742.9503016471863,589824
1743.6481547355652,590080
1744.3345608711243,590336
1745.0296556949615,590592
1745.7213351726532,590848
1746.4149661064148,591104
1747.104122877121,591360
1747.825835466385,591616
1748.5141246318817,591872
1749.2065074443817,592128
1749.8984162807465,592384
1750.5885407924652,592640
1751.2825274467468,592896
1751.9822335243225,593152
1752.689383506775,593408
1753.3890602588654,593664
1754.088233947754,593920
1754.8038816452026,594176
1755.4965796470642,594432
1756.1896784305573,594688
1756.8798441886902,594944
1757.5703015327454,595200
1758.2612509727478,595456
1758.9508259296417,595712
1759.6403515338898,595968
1760.342211008072,596224
1761.029756784439,596480
1761.7442882061005,596736
1762.6635065078735,596992
1763.3537957668304,597248
1764.0410706996918,597504
1764.7295258045197,597760
1765.4249246120453,598016
1766.1178867816925,598272
1766.8110046386719,598528
1767.5759031772614,598784
1768.2700395584106,599040
1769.0914540290833,599296
1769.7639408111572,599552
1770.456598520279,599808
1771.1486456394196,600064
1771.840008020401,600320
1772.5329339504242,600576
1773.2235844135284,600832
1773.9127614498138,601088
1774.6043956279755,601344
1775.2966825962067,601600
1776.018512248993,601856
1776.7238442897797,602112
1777.4143602848053,602368
1778.1066846847534,602624
1778.7990591526031,602880
1779.4925563335419,603136
1780.1842141151428,603392
1780.8760452270508,603648
1781.5728180408478,603904
1782.42778134346,604160
1783.1753232479095,604416
1783.8702018260956,604672
1784.5593101978302,604928
1785.2505822181702,605184
1785.9448058605194,605440
1786.6375269889832,605696
1787.3274295330048,605952
1788.0350511074066,606208
1788.7128238677979,606464
1789.400310754776,606720
1790.120839357376,606976
1790.8215243816376,607232
1791.5051620006561,607488
1792.1976804733276,607744
1792.8876249790192,608000
1793.5818445682526,608256
1794.2758243083954,608512
1794.9721608161926,608768
1795.6573984622955,609024
1796.3519487380981,609280
1797.0723643302917,609536
1797.771189212799,609792
1798.4600224494934,610048
1799.1487576961517,610304
1799.846996307373,610560
1800.536880493164,610816
1801.2240707874298,611072
1801.9174740314484,611328
1802.6078131198883,611584
1803.2952201366425,611840
1804.0138249397278,612096
1804.7043900489807,612352
1805.394644498825,612608
1806.084806919098,612864
1806.778118133545,613120
1807.4671459197998,613376
1808.159443616867,613632
1808.845654964447,613888
1809.54189991951,614144
1810.2363595962524,614400
1810.9472682476044,614656
1811.634386062622,614912
1812.4898936748505,615168
1813.1783180236816,615424
1813.8926944732666,615680
1814.5854403972626,615936
1815.281080007553,616192
1815.970209121704,616448
1816.6602442264557,616704
1817.355963230133,616960
1818.0619449615479,617216
1818.7933111190796,617472
1819.4792783260345,617728
1820.1705791950226,617984
1820.8574426174164,618240
1821.555964231491,618496
1822.2493827342987,618752
1822.9449338912964,619008
1823.6292452812195,619264
1824.3232033252716,619520
1825.0335714817047,619776
1825.7266442775726,620032
1826.4179639816284,620288
1827.105836391449,620544
1827.8060250282288,620800
1828.5028591156006,621056
1829.1992592811584,621312
1829.8923633098602,621568
1830.5825386047363,621824
1831.271082162857,622080
1831.9835994243622,622336
1832.6769726276398,622592
1833.3683848381042,622848
1834.1370148658752,623104
1834.80690574646,623360
1835.5109598636627,623616
1836.1969063282013,623872
1836.8873109817505,624128
1837.597342967987,624384
1838.2884147167206,624640
1839.0125143527985,624896
1839.7019956111908,625152
1840.3950746059418,625408
1841.0863494873047,625664
1841.7738621234894,625920
1842.4711511135101,626176
1843.157820224762,626432
1843.8624398708344,626688
1844.5456697940826,626944
1845.2390389442444,627200
1845.962453365326,627456
1846.6514840126038,627712
1847.3404417037964,627968
1848.0387613773346,628224
1848.7205872535706,628480
1849.4130556583405,628736
1850.1097102165222,628992
1850.8015279769897,629248
1851.490941286087,629504
1852.184826850891,629760
1852.9124484062195,630016
1853.602562904358,630272
1854.2957208156586,630528
1855.0055043697357,630784
1855.6909067630768,631040
1856.3904061317444,631296
1857.0763883590698,631552
1857.7723128795624,631808
1858.4667811393738,632064
1859.1756970882416,632320
1859.9672238826752,632576
1860.6301114559174,632832
1861.3459041118622,633088
1862.0622327327728,633344
1862.7449729442596,633600
1863.4357912540436,633856
1864.1513407230377,634112
1864.8569300174713,634368
1865.549740076065,634624
1866.2545235157013,634880
1866.9824242591858,635136
1867.6924448013306,635392
1868.3841621875763,635648
1869.0777232646942,635904
1869.7734084129333,636160
1870.5125153064728,636416
1871.223065853119,636672
1871.922914981842,636928
1872.658626794815,637184
1873.3777787685394,637440
1874.0879592895508,637696
1874.924887895584,637952
1875.6691064834595,638208
1876.3730256557465,638464
1877.0462503433228,638720
1877.7840013504028,638976
1878.511791229248,639232
1879.2098259925842,639488
1879.9065570831299,639744
1880.6693823337555,640000
1881.3367817401886,640256
1882.0384094715118,640512
1882.7268753051758,640768
1883.426236152649,641024
1884.1118524074554,641280
1884.906185388565,641536
1885.6111772060394,641792
1886.301156282425,642048
1887.0089094638824,642304
1887.714739561081,642560
1888.4179418087006,642816
1889.1409249305725,643072
1889.8283891677856,643328
1890.5199420452118,643584
1891.2197325229645,643840
1891.911893606186,644096
1892.6069004535675,644352
1893.2987883090973,644608
1893.9888529777527,644864
1894.6773853302002,645120
1895.391357421875,645376
1896.0814747810364,645632
1896.777425289154,645888
1897.465372800827,646144
1898.1601502895355,646400
1898.8505535125732,646656
1899.543158531189,646912
1900.2359807491302,647168
1900.9269874095917,647424
1901.6155378818512,647680
1902.357827425003,647936
1903.048814535141,648192
1903.7419564723969,648448
1904.4365096092224,648704
1905.1975498199463,648960
1905.8932065963745,649216
1906.5821883678436,649472
1907.2729141712189,649728
1907.9636871814728,649984
1908.6681010723114,650240
1909.3814797401428,650496
1910.0718743801117,650752
1910.7631504535675,651008
1911.4546761512756,651264
1912.1449072360992,651520
1912.8406300544739,651776
1913.5281116962433,652032
1914.221462726593,652288
1914.9584312438965,652544
1915.6460494995117,652800
1916.3639450073242,653056
1917.0545861721039,653312
1917.7456586360931,653568
1918.4405100345612,653824
1919.1331703662872,654080
1919.8235821723938,654336
1920.5177426338196,654592
1921.217303276062,654848
1921.9220879077911,655104
1922.6326308250427,655360
1923.3603665828705,655616
1924.0484569072723,655872
1924.75616979599,656128
1925.439945936203,656384
1926.1300902366638,656640
1926.828130722046,656896
1927.5354180335999,657152
1928.2258024215698,657408
1928.915782213211,657664
1929.60658121109,657920
1930.3503439426422,658176
1931.0411641597748,658432
1931.7330965995789,658688
1932.433049917221,658944
1933.1618955135345,659200
1933.8489408493042,659456
1934.543531179428,659712
1935.2314627170563,659968
1935.9287524223328,660224
1936.6198015213013,660480
1937.3396213054657,660736
1938.045593738556,660992
1938.7478067874908,661248
1939.4243023395538,661504
1940.1118030548096,661760
1940.809968471527,662016
1941.5016627311707,662272
1942.2060759067535,662528
1942.920931816101,662784
1943.6584250926971,663040
1944.3814327716827,663296
1945.0764870643616,663552
1945.7695529460907,663808
1946.4891345500946,664064
1947.254130601883,664320
1947.8863401412964,664576
1948.5793209075928,664832
1949.270926952362,665088
1949.9569218158722,665344
1950.6495020389557,665600
1951.3612866401672,665856
1952.161255121231,666112
1952.8660740852356,666368
1953.5569734573364,666624
1954.248651266098,666880
1954.9384586811066,667136
1955.6326034069061,667392
1956.3240072727203,667648
1957.0237874984741,667904
1957.7314856052399,668160
1958.440425157547,668416
1959.133249282837,668672
1959.8380382061005,668928
1960.5278644561768,669184
1961.2225360870361,669440
1961.980622291565,669696
1962.7339463233948,669952
1963.420777797699,670208
1964.1055459976196,670464
1964.7998232841492,670720
1965.527045249939,670976
1966.2082056999207,671232
1966.9125084877014,671488
1967.602784872055,671744
1968.2946655750275,672000
1968.9894726276398,672256
1969.6754260063171,672512
1970.3657257556915,672768
1971.0624477863312,673024
1971.749537229538,673280
1972.4823524951935,673536
1973.1970283985138,673792
1973.882426738739,674048
1974.6082935333252,674304
1975.3119864463806,674560
1975.9988141059875,674816
1976.6928136348724,675072
1977.3832359313965,675328
1978.0791430473328,675584
1978.768385887146,675840
1979.4903326034546,676096
1980.173196554184,676352
1980.8699185848236,676608
1981.5810346603394,676864
1982.2859590053558,677120
1982.9754676818848,677376
1983.6811168193817,677632
1984.377815246582,677888
1985.0632543563843,678144
1985.7530670166016,678400
1986.4667973518372,678656
1987.1592071056366,678912
1987.850084066391,679168
1988.640106678009,679424
1989.2869153022766,679680
1989.9757177829742,679936
1990.6668207645416,680192
1991.3568069934845,680448
1992.2761964797974,680704
1992.9702739715576,680960
1993.7196607589722,681216
1994.3830263614655,681472
1995.077621936798,681728
1995.7906510829926,681984
1996.4803173542023,682240
1997.1750898361206,682496
1997.8688604831696,682752
1998.5573902130127,683008
1999.24809384346,683264
1999.9382410049438,683520
2000.6532909870148,683776
2001.377345085144,684032
2002.0708417892456,684288
2002.7901010513306,684544
2003.4721357822418,684800
2004.1613793373108,685056
2004.8566226959229,685312
2005.5887789726257,685568
2006.2693767547607,685824
2006.96346616745,686080
2007.677206993103,686336
2008.368051290512,686592
2009.0758106708527,686848
2009.7635288238525,687104
2010.4728770256042,687360
2011.149043560028,687616
2011.8402762413025,687872
2012.5381672382355,688128
2013.224598646164,688384
2013.924803495407,688640
2014.729304075241,688896
2015.4201788902283,689152
2016.1088881492615,689408
2016.8010094165802,689664
2017.4898664951324,689920
2018.182744026184,690176
2018.871779203415,690432
2019.6337733268738,690688
2020.3231687545776,690944
2021.0099980831146,691200
2021.7235803604126,691456
2022.4150302410126,691712
2023.1139514446259,691968
2023.806904554367,692224
2024.7160341739655,692480
2025.3743131160736,692736
2026.064287662506,692992
2026.7568724155426,693248
2027.4530107975006,693504
2028.1412110328674,693760
2028.852664232254,694016
2029.5646834373474,694272
2030.2564163208008,694528
2030.9469454288483,694784
2031.6347630023956,695040
2032.3337292671204,695296
2033.043123960495,695552
2033.7357544898987,695808
2034.423719882965,696064
2035.1163461208344,696320
2035.8602752685547,696576
2036.5640752315521,696832
2037.2539541721344,697088
2037.945038318634,697344
2038.644157409668,697600
2039.3263850212097,697856
2040.0176193714142,698112
2040.7069957256317,698368
2041.3958098888397,698624
2042.0885372161865,698880
2042.8028545379639,699136
2043.491640329361,699392
2044.372987985611,699648
2045.0627591609955,699904
2045.7624158859253,700160
2046.4527208805084,700416
2047.1464502811432,700672
2047.8376791477203,700928
2048.5224447250366,701184
2049.219910621643,701440
2049.937748193741,701696
2050.643822669983,701952
2051.3380777835846,702208
2052.030279159546,702464
2052.7149727344513,702720
2053.4093084335327,702976
2054.103378534317,703232
2054.8038852214813,703488
2055.549030303955,703744
2056.202297449112,704000
2056.9175050258636,704256
2057.6111948490143,704512
2058.302377462387,704768
2058.9933309555054,705024
2059.6916148662567,705280
2060.3779306411743,705536
2061.076768875122,705792
2061.7730057239532,706048
2062.475204706192,706304
2063.169445037842,706560
2063.886249065399,706816
2064.581875562668,707072
2065.27295422554,707328
2065.9658110141754,707584
2066.6559567451477,707840
2067.350030183792,708096
2068.0326697826385,708352
2068.724260568619,708608
2069.416375875473,708864
2070.1167829036713,709120
2070.8554866313934,709376
2071.5454201698303,709632
2072.2411324977875,709888
2072.9330649375916,710144
2073.6238713264465,710400
2074.496652364731,710656
2075.1882531642914,710912
2075.87407040596,711168
2076.5642483234406,711424
2077.2540669441223,711680
2077.973906993866,711936
2078.6775817871094,712192
2079.3672404289246,712448
2080.0606195926666,712704
2080.7516453266144,712960
2081.450855731964,713216
2082.1379475593567,713472
2082.8277113437653,713728
2083.520612478256,713984
2084.2132091522217,714240
2084.9473559856415,714496
2085.6257934570312,714752
2086.317656517029,715008
2087.011637210846,715264
2087.7026216983795,715520
2088.398423433304,715776
2089.0885479450226,716032
2089.7863199710846,716288
2090.481411933899,716544
2091.1697475910187,716800
2091.8950984477997,717056
2092.596517562866,717312
2093.2813951969147,717568
2093.976057767868,717824
2094.6697804927826,718080
2095.3587005138397,718336
2096.0518865585327,718592
2096.7406470775604,718848
2097.4350864887238,719104
2098.1213006973267,719360
2098.8423266410828,719616
2099.535355567932,719872
2100.2331109046936,720128
2100.925525903702,720384
2101.6208202838898,720640
2102.3379480838776,720896
2103.0338530540466,721152
2103.72474861145,721408
2104.509928703308,721664
2105.206155538559,721920
2105.927744626999,722176
2106.6073291301727,722432
2107.307736158371,722688
2107.9994411468506,722944
2108.6903989315033,723200
2109.3804321289062,723456
2110.071897506714,723712
2110.7639968395233,723968
2111.4662413597107,724224
2112.253555059433,724480
2112.912874698639,724736
2113.601604938507,724992
2114.574196577072,725248
2115.0392632484436,725504
2115.727464199066,725760
2116.418873310089,726016
2117.1070675849915,726272
2117.800366640091,726528
2118.489778280258,726784
2119.1898155212402,727040
2119.9277069568634,727296
2120.6216938495636,727552
2121.3139276504517,727808
2122.0052983760834,728064
2122.718458175659,728320
2123.404503107071,728576
2124.0993626117706,728832
2124.792657852173,729088
2125.480185985565,729344
2126.1764464378357,729600
2126.887371301651,729856
2127.6446528434753,730112
2128.2771713733673,730368
2128.966791152954,730624
2129.661189556122,730880
2130.3493976593018,731136
2131.040314435959,731392
2131.7292602062225,731648
2132.419788122177,731904
2133.118004322052,732160
2133.8366148471832,732416
2134.639953136444,732672
2135.3389558792114,732928
2136.029156446457,733184
2136.7257640361786,733440
2137.4085648059845,733696
2138.102440595627,733952
2138.7977607250214,734208
2139.4834384918213,734464
2140.1714584827423,734720
2140.897416830063,734976
2141.5844049453735,735232
2142.275519132614,735488
2143.0112347602844,735744
2143.6828389167786,736000
2144.558237552643,736256
2145.2486367225647,736512
2145.9397473335266,736768
2146.6320900917053,737024
2147.3214585781097,737280
2148.0500514507294,737536
2148.741217851639,737792
2149.431749343872,738048
2150.125896692276,738304
2150.8165559768677,738560
2151.506603240967,738816
2152.2011654376984,739072
2152.8901810646057,739328
2153.648071527481,739584
2154.3420202732086,739840
2155.0554978847504,740096
2155.7507693767548,740352
2156.4430644512177,740608
2157.1381227970123,740864
2157.834531545639,741120
2158.5492322444916,741376
2159.2448165416718,741632
2159.9342494010925,741888
2160.6281542778015,742144
2161.3171887397766,742400
2162.0815229415894,742656
2162.7716636657715,742912
2163.463111639023,743168
2164.1541867256165,743424
2164.871463060379,743680
2165.564954519272,743936
2166.259417772293,744192
2166.953301668167,744448
2167.641621828079,744704
2168.3352677822113,744960
2169.0440907478333,745216
2169.733473777771,745472
2170.428774833679,745728
2171.1234142780304,745984
2171.8268172740936,746240
2172.51540350914,746496
2173.2026765346527,746752
2173.8943343162537,747008
2174.6652932167053,747264
2175.346734046936,747520
2176.0846362113953,747776
2176.77418589592,748032
2177.4691848754883,748288
2178.161998987198,748544
2178.869251012802,748800
2179.575310230255,749056
2180.2823479175568,749312
2180.9887232780457,749568
2181.6639261245728,749824
2182.3546488285065,750080
2183.0703563690186,750336
2183.771275997162,750592
2184.468569755554,750848
2185.164402246475,751104
2185.849039077759,751360
2186.53967833519,751616
2187.2483718395233,751872
2187.9408254623413,752128
2188.629817724228,752384
2189.323101758957,752640
2190.0311455726624,752896
2190.727504014969,753152
2191.419347047806,753408
2192.1114909648895,753664
2192.8018889427185,753920
2193.495753765106,754176
2194.1880428791046,754432
2194.897327184677,754688
2195.585317134857,754944
2196.275988817215,755200
2196.9993844032288,755456
2197.689557313919,755712
2198.379012823105,755968
2199.0700187683105,756224
2199.7756221294403,756480
2200.4768488407135,756736
2201.168703556061,756992
2201.85884141922,757248
2202.5556089878082,757504
2203.254904270172,757760
2203.9980754852295,758016
2204.8890240192413,758272
2205.5838117599487,758528
2206.280296564102,758784
2206.969627380371,759040
2207.6648592948914,759296
2208.353955745697,759552
2209.044949054718,759808
2209.739411830902,760064
2210.440152645111,760320
2211.167561531067,760576
2211.8584084510803,760832
2212.5531301498413,761088
2213.2456982135773,761344
2213.930892467499,761600
2214.6206789016724,761856
2215.3470656871796,762112
2216.014697790146,762368
2216.701313495636,762624
2217.392212867737,762880
2218.104061603546,763136
2218.793651342392,763392
2219.486227750778,763648
2220.174925327301,763904
2220.8654358386993,764160
2221.5573127269745,764416
2222.249330997467,764672
2222.937532901764,764928
2223.6324350833893,765184
2224.3185238838196,765440
2225.0497732162476,765696
2225.7437930107117,765952
2226.426414012909,766208
2227.1228024959564,766464
2227.809510231018,766720
2228.5030460357666,766976
2229.196343898773,767232
2229.887058496475,767488
2230.5806062221527,767744
2231.271305322647,768000
2231.9821405410767,768256
2232.6924180984497,768512
2233.381976366043,768768
2234.075691461563,769024
2234.967289686203,769280
2235.7002391815186,769536
2236.417824268341,769792
2237.1381940841675,770048
2237.8272671699524,770304
2238.5252861976624,770560
2239.2774698734283,770816
2239.9747145175934,771072
2240.6599588394165,771328
2241.3683257102966,771584
2242.0908205509186,771840
2242.792176246643,772096
2243.4847388267517,772352
2244.178888320923,772608
2244.867684841156,772864
2245.566237926483,773120
2246.3480734825134,773376
2246.9855835437775,773632
2247.677664041519,773888
2248.368796348572,774144
2249.07430768013,774400
2249.757379055023,774656
2250.4444897174835,774912
2251.140300989151,775168
2251.856518507004,775424
2252.5369021892548,775680
2253.2730827331543,775936
2253.9640126228333,776192
2254.6663897037506,776448
2255.359843015671,776704
2256.042682170868,776960
2256.7357892990112,777216
2257.427223443985,777472
2258.1289732456207,777728
2258.8245000839233,777984
2259.515684366226,778240
2260.244220495224,778496
2260.931435108185,778752
2261.6236798763275,779008
2262.3200449943542,779264
2263.007026910782,779520
2263.695953607559,779776
2264.405352115631,780032
2265.092026233673,780288
2265.7794790267944,780544
2266.472237586975,780800
2267.2340149879456,781056
2267.933665752411,781312
2268.6205027103424,781568
2269.3165719509125,781824
2270.008680820465,782080
2270.6992766857147,782336
2271.4142286777496,782592
2272.1506204605103,782848
2272.8197889328003,783104
2273.5038204193115,783360
2274.2202780246735,783616
2274.9178535938263,783872
2275.6215925216675,784128
2276.3181245326996,784384
2277.0092599391937,784640
2277.7343084812164,784896
2278.42214012146,785152
2279.111816883087,785408
2279.804722070694,785664
2280.4980566501617,785920
2281.2199323177338,786176
2281.911167383194,786432
2282.602769613266,786688
2283.2912876605988,786944
2283.9837889671326,787200
2284.7453422546387,787456
2285.434999227524,787712
2286.1297001838684,787968
2286.8175666332245,788224
2287.5813677310944,788480
2288.2929694652557,788736
2288.982206583023,788992
2289.6765592098236,789248
2290.367630958557,789504
2291.058340549469,789760
2291.747721672058,790016
2292.43896150589,790272
2293.1362478733063,790528
2293.8252007961273,790784
2294.7304096221924,791040
2295.3539662361145,791296
2296.049302339554,791552
2296.746124267578,791808
2297.437173604965,792064
2298.132962703705,792320
2298.823364496231,792576
2299.521402359009,792832
2300.2199568748474,793088
2300.9074516296387,793344
2301.605626821518,793600
2302.320314884186,793856
2303.0597021579742,794112
2303.750426530838,794368
2304.4420936107635,794624
2305.1295115947723,794880
2305.820868253708,795136
2306.5098283290863,795392
2307.1988337039948,795648
2307.88823056221,795904
2308.5764043331146,796160
2309.300976753235,796416
2310.000289440155,796672
2310.6866335868835,796928
2311.3811016082764,797184
2312.0773928165436,797440
2312.7675664424896,797696
2313.457364797592,797952
2314.152716398239,798208
2315.0558812618256,798464
2315.751619577408,798720
2316.460104703903,798976
2317.144387960434,799232
2317.8383569717407,799488
2318.5339443683624,799744
2319.219732284546,800000
2319.9130325317383,800256
2320.6025063991547,800512
2321.2949142456055,800768
2322.0008313655853,801024
2322.6895940303802,801280
2323.4143240451813,801536
2324.1121261119843,801792
2324.7998547554016,802048
2325.4943809509277,802304
2326.1812822818756,802560
2326.8707818984985,802816
2327.5628538131714,803072
2328.261778354645,803328
2328.9487931728363,803584
2329.6368045806885,803840
2330.348977088928,804096
2331.0421273708344,804352
2331.7340953350067,804608
2332.4243144989014,804864
2333.1158990859985,805120
2333.804219007492,805376
2334.5049715042114,805632
2335.192774772644,805888
2335.8974299430847,806144
2336.5870270729065,806400
2337.3024241924286,806656
2337.9977598190308,806912
2338.686981201172,807168
2339.38440656662,807424
2340.072476863861,807680
2340.764825820923,807936
2341.4561252593994,808192
2342.152779817581,808448
2342.840996980667,808704
2343.5405275821686,808960
2344.2604093551636,809216
2345.1156783103943,809472
2345.8068084716797,809728
2346.5013976097107,809984
2347.194794178009,810240
2347.8902888298035,810496
2348.5779790878296,810752
2349.269613981247,811008
2349.9601056575775,811264
2350.651392698288,811520
2351.376760482788,811776
2352.0646872520447,812032
2352.7568533420563,812288
2353.452498435974,812544
2354.1489555835724,812800
2355.0148310661316,813056
2355.7043504714966,813312
2356.3946413993835,813568
2357.0894100666046,813824
2357.781202316284,814080
2358.496383666992,814336
2359.188080072403,814592
2359.8775584697723,814848
2360.5732474327087,815104
2361.260678291321,815360
2361.9528436660767,815616
2362.642383337021,815872
2363.333941221237,816128
2364.0260734558105,816384
2364.7155582904816,816640
2365.4545707702637,816896
2366.1564168930054,817152
2366.845967531204,817408
2367.5345957279205,817664
2368.2242980003357,817920
2368.9164164066315,818176
2369.605035305023,818432
2370.2987744808197,818688
2370.9905955791473,818944
2371.679518699646,819200
2372.4356622695923,819456
2373.127546072006,819712
2373.819113254547,819968
2374.5060448646545,820224
2375.1990234851837,820480
2375.89435839653,820736
2376.5965304374695,820992
2377.284550189972,821248
2377.976064682007,821504
2378.668893814087,821760
2379.3833351135254,822016
2380.071526527405,822272
2380.855183362961,822528
2381.4581677913666,822784
2382.1431913375854,823040
2382.8369286060333,823296
2383.5250148773193,823552
2384.214506626129,823808
2384.9441430568695,824064
2385.637489080429,824320
2386.3557171821594,824576
2387.0520629882812,824832
2387.7381377220154,825088
2388.433361053467,825344
2389.121261358261,825600
2389.8138337135315,825856
2390.5010545253754,826112
2391.1950075626373,826368
2391.88485956192,826624
2392.5709981918335,826880
2393.286556005478,827136
2393.978821516037,827392
2394.6660254001617,827648
2395.3633909225464,827904
2396.0518436431885,828160
2396.74568772316,828416
2397.434412240982,828672
2398.12353181839,828928
2398.8164155483246,829184
2399.5088210105896,829440
2400.2174921035767,829696
2400.9076721668243,829952
2401.6082565784454,830208
2402.303875207901,830464
2402.993301153183,830720
2403.6860110759735,830976
2404.3802437782288,831232
2405.3046875,831488
2406.0019290447235,831744
2406.6920487880707,832000
2407.405571460724,832256
2408.0964481830597,832512
2408.7891550064087,832768
2409.4794511795044,833024
2410.1759588718414,833280
2410.8655540943146,833536
2411.577040195465,833792
2412.2668809890747,834048
2412.95317530632,834304
2413.6420550346375,834560
2414.3731536865234,834816
2415.229999780655,835072
2415.9221906661987,835328
2416.611229658127,835584
2417.3172974586487,835840
2418.015145778656,836096
2418.7072536945343,836352
2419.3981919288635,836608
2420.095275402069,836864
2420.7842462062836,837120
2421.507277727127,837376
2422.196316242218,837632
2422.8863677978516,837888
2423.5750691890717,838144
2424.269073486328,838400
2424.961005926132,838656
2425.649247407913,838912
2426.3382189273834,839168
2427.0386476516724,839424
2427.733238697052,839680
2428.468477487564,839936
2429.1549384593964,840192
2429.8500027656555,840448
2430.5400562286377,840704
2431.230129003525,840960
2431.9225392341614,841216
2432.611063480377,841472
2433.301146030426,841728
2434.002511024475,841984
2434.6931817531586,842240
2435.40630030632,842496
2436.136787891388,842752
2436.8301360607147,843008
2437.630734682083,843264
2438.301853656769,843520
2438.9952969551086,843776
2439.6862020492554,844032
2440.379953145981,844288
2441.0696704387665,844544
2441.789791584015,844800
2442.4888064861298,845056
2443.1836376190186,845312
2443.8712244033813,845568
2444.5653915405273,845824
2445.3645536899567,846080
2446.065212726593,846336
2446.7545516490936,846592
2447.4470489025116,846848
2448.146122455597,847104
2448.840564966202,847360
2449.567834377289,847616
2450.2619309425354,847872
2450.946990251541,848128
2451.6370804309845,848384
2452.3340198993683,848640
2453.1215867996216,848896
2453.7841126918793,849152
2454.4909098148346,849408
2455.182027578354,849664
2455.8899919986725,849920
2456.6356072425842,850176
2457.3251860141754,850432
2458.0178232192993,850688
2458.7082023620605,850944
2459.405050754547,851200
2460.1019711494446,851456
2460.794122695923,851712
2461.4789679050446,851968
2462.18013215065,852224
2462.8636589050293,852480
2463.6035220623016,852736
2464.2982773780823,852992
2465.085343360901,853248
2465.778954744339,853504
2466.4675645828247,853760
2467.157794237137,854016
2467.8492760658264,854272
2468.5665550231934,854528
2469.258197069168,854784
2469.9486541748047,855040
2470.696704864502,855296
2471.3839015960693,855552
2472.081856250763,855808
2472.7644481658936,856064
2473.4556171894073,856320
2474.1456995010376,856576
2474.8345913887024,856832
2475.542351961136,857088
2476.236496448517,857344
2476.931799888611,857600
2477.645759820938,857856
2478.3442480564117,858112
2479.0294036865234,858368
2479.72074508667,858624
2480.413631439209,858880
2481.1093242168427,859136
2481.802438735962,859392
2482.4934754371643,859648
2483.1879477500916,859904
2483.877819776535,860160
2484.61217212677,860416
2485.2994804382324,860672
2485.9823956489563,860928
2486.674181699753,861184
2487.367758512497,861440
2488.0620341300964,861696
2488.7483747005463,861952
2489.4589977264404,862208
2490.1621041297913,862464
2490.8540806770325,862720
2491.583708524704,862976
2492.2727682590485,863232
2492.9653692245483,863488
2493.66791844368,863744
2494.3601117134094,864000
2495.1419343948364,864256
2495.8363251686096,864512
2496.522528409958,864768
2497.2112200260162,865024
2497.9036049842834,865280
2498.631883621216,865536
2499.3237085342407,865792
2500.0147495269775,866048
2500.715127468109,866304
2501.4162878990173,866560
2502.11034488678,866816
2502.8023297786713,867072
2503.491524219513,867328
2504.1815509796143,867584
2504.881918668747,867840
2505.6115715503693,868096
2506.3095202445984,868352
2506.99959564209,868608
2507.6977241039276,868864
2508.397302865982,869120
2509.086806535721,869376
2509.8244433403015,869632
2510.504905462265,869888
2511.2139179706573,870144
2511.900621175766,870400
2512.6150863170624,870656
2513.3064165115356,870912
2513.9994707107544,871168
2514.692170381546,871424
2515.385811805725,871680
2516.0749819278717,871936
2516.764780521393,872192
2517.4522202014923,872448
2518.1454062461853,872704
2518.8405396938324,872960
2519.548399925232,873216
2520.2424397468567,873472
2520.9533586502075,873728
2521.644706726074,873984
2522.33390045166,874240
2523.0248601436615,874496
2523.713205099106,874752
2524.4019026756287,875008
2525.302362680435,875264
2525.9763209819794,875520
2526.7098042964935,875776
2527.4007575511932,876032
2528.095199108124,876288
2528.790057659149,876544
2529.4804158210754,876800
2530.168328523636,877056
2530.859251976013,877312
2531.5513365268707,877568
2532.242564201355,877824
2532.936356782913,878080
2533.6506175994873,878336
2534.366213321686,878592
2535.2024309635162,878848
2535.895345926285,879104
2536.5828170776367,879360
2537.2892096042633,879616
2537.976626396179,879872
2538.662239074707,880128
2539.3549089431763,880384
2540.0489225387573,880640
2540.8209931850433,880896
2541.467208147049,881152
2542.16215634346,881408
2542.850087404251,881664
2543.551714658737,881920
2544.2334854602814,882176
2544.922765493393,882432
2545.6134717464447,882688
2546.3023467063904,882944
2546.9982669353485,883200
2547.715292453766,883456
2548.4049439430237,883712
2549.0980122089386,883968
2549.7856397628784,884224
2550.479513168335,884480
2551.16991853714,884736
2551.8580951690674,884992
2552.549850463867,885248
2553.2415556907654,885504
2553.933615922928,885760
2554.6547286510468,886016
2555.5163900852203,886272
2556.258147954941,886528
2556.9382514953613,886784
2557.6288487911224,887040
2558.323178291321,887296
2559.0125739574432,887552
2559.7017962932587,887808
2560.393147468567,888064
2561.082305908203,888320
2561.8163888454437,888576
2562.5137689113617,888832
2563.2126603126526,889088
2563.9039013385773,889344
2564.5933496952057,889600
2565.2885591983795,889856
2565.974395751953,890112
2566.7296719551086,890368
2567.4179146289825,890624
2568.1116859912872,890880
2568.840586900711,891136
2569.5311999320984,891392
2570.2219247817993,891648
2570.9122190475464,891904
2571.61483502388,892160
2572.3105928897858,892416
2572.997867822647,892672
2573.68892455101,892928
2574.383359670639,893184
2575.0721151828766,893440
2575.7954206466675,893696
2576.4828345775604,893952
2577.1737530231476,894208
2577.86616230011,894464
2578.5585124492645,894720
2579.2469911575317,894976
2579.9389843940735,895232
2580.626538515091,895488
2581.3170549869537,895744
2582.01744389534,896000
2582.725588798523,896256
2583.415172100067,896512
2584.108936071396,896768
2584.804591178894,897024
2585.5944106578827,897280
2586.2829806804657,897536
2587.0548498630524,897792
2587.668608903885,898048
2588.362284898758,898304
2589.052643299103,898560
2589.772628545761,898816
2590.4653210639954,899072
2591.153069972992,899328
2591.8402326107025,899584
2592.5361909866333,899840
2593.2282605171204,900096
2593.914010286331,900352
2594.6112983226776,900608
2595.38024020195,900864
2596.067996263504,901120
2596.7841560840607,901376
2597.485032558441,901632
2598.176746606827,901888
2598.866975545883,902144
2599.5572969913483,902400
2600.2473719120026,902656
2600.946106672287,902912
2601.6517329216003,903168
2602.34312582016,903424
2603.034034729004,903680
2603.7543795108795,903936
2604.4628727436066,904192
2605.1626534461975,904448
2605.8527965545654,904704
2606.5432312488556,904960
2607.2383484840393,905216
2607.9369530677795,905472
2608.6269192695618,905728
2609.319393634796,905984
2610.0116391181946,906240
2610.801323890686,906496
2611.487945318222,906752
2612.1842970848083,907008
2612.899848461151,907264
2613.5839354991913,907520
2614.275058031082,907776
2614.965022802353,908032
2615.728523015976,908288
2616.4214198589325,908544
2617.1152424812317,908800
2617.8252053260803,909056
2618.517110109329,909312
2619.209372282028,909568
2619.9008100032806,909824
2620.58939743042,910080
2621.2818655967712,910336
2621.9708807468414,910592
2622.6621029376984,910848
2623.3664083480835,911104
2624.0610671043396,911360
2624.7779519557953,911616
2625.6996986865997,911872
2626.388485431671,912128
2627.0897936820984,912384
2627.782652616501,912640
2628.502897977829,912896
2629.196097135544,913152
2629.889613389969,913408
2630.593054294586,913664
2631.2830522060394,913920
2632.009677171707,914176
2632.7014133930206,914432
2633.49817943573,914688
2634.183534383774,914944
2634.876481771469,915200
2635.566902399063,915456
2636.254328250885,915712
2636.9545106887817,915968
2637.6440086364746,916224
2638.3382403850555,916480
2639.058798313141,916736
2639.754563808441,916992
2640.439248561859,917248
2641.135066509247,917504
2641.8235042095184,917760
2642.516716480255,918016
2643.207984685898,918272
2643.90075135231,918528
2644.5923602581024,918784
2645.4985501766205,919040
2646.243225336075,919296
2646.9363441467285,919552
2647.629663705826,919808
2648.318870782852,920064
2649.00993847847,920320
2649.705025434494,920576
2650.3925528526306,920832
2651.0845284461975,921088
2651.7783150672913,921344
2652.4885110855103,921600
2653.2037448883057,921856
2653.8929076194763,922112
2654.5861530303955,922368
2655.2745254039764,922624
2655.97279047966,922880
2656.66242647171,923136
2657.3518648147583,923392
2658.0387346744537,923648
2658.7324945926666,923904
2659.4302361011505,924160
2660.1431651115417,924416
2660.8328380584717,924672
2661.5261850357056,924928
2662.21604347229,925184
2662.9245676994324,925440
2663.616074323654,925696
2664.4312167167664,925952
2665.1078567504883,926208
2665.8048837184906,926464
2666.4971826076508,926720
2667.20729136467,926976
2667.896016597748,927232
2668.589596271515,927488
2669.2813606262207,927744
2669.9751904010773,928000
2670.6647260189056,928256
2671.3598585128784,928512
2672.0506885051727,928768
2672.7428727149963,929024
2673.432938337326,929280
2674.1450576782227,929536
2674.836357831955,929792
2675.5713272094727,930048
2676.262248277664,930304
2676.953672647476,930560
2677.6489918231964,930816
2678.339026927948,931072
2679.02983546257,931328
2679.720111846924,931584
2680.4093799591064,931840
2681.131544113159,932096
2681.8172137737274,932352
2682.508112192154,932608
2683.20845079422,932864
2683.9023728370667,933120
2684.592224597931,933376
2685.308065891266,933632
2686.003930091858,933888
2686.6985330581665,934144
2687.3865127563477,934400
2688.1854066848755,934656
2688.8708963394165,934912
2689.56440615654,935168
2690.3374865055084,935424
2691.01784324646,935680
2691.708553791046,935936
2692.3998618125916,936192
2693.089273452759,936448
2693.779881954193,936704
2694.4729516506195,936960
2695.18701505661,937216
2695.8750324249268,937472
2696.5682241916656,937728
2697.2602183818817,937984
2697.947862625122,938240
2698.6424129009247,938496
2699.3310747146606,938752
2700.0233743190765,939008
2700.7302343845367,939264
2701.428889274597,939520
2702.138905763626,939776
2702.8319811820984,940032
2703.518628358841,940288
2704.2102465629578,940544
2704.9037556648254,940800
2705.6241586208344,941056
2706.313900709152,941312
2707.0038237571716,941568
2707.7154223918915,941824
2708.411146879196,942080
2709.126657962799,942336
2709.812595844269,942592
2710.5096397399902,942848
2711.2226028442383,943104
2711.914911031723,943360
2712.602851629257,943616
2713.2971363067627,943872
2713.9930396080017,944128
2714.6768946647644,944384
2715.3697113990784,944640
2716.16463971138,944896
2716.829803466797,945152
2717.5254333019257,945408
2718.214634180069,945664
2718.9009053707123,945920
2719.594329595566,946176
2720.2900478839874,946432
2720.974509239197,946688
2721.675308942795,946944
2722.3664026260376,947200
2723.0843675136566,947456
2723.7714092731476,947712
2724.4656319618225,947968
2725.1537663936615,948224
2725.8554980754852,948480
2726.547842025757,948736
2727.2423932552338,948992
2727.9531025886536,949248
2728.640630722046,949504
2729.3362805843353,949760
2730.0531532764435,950016
2730.7430794239044,950272
2731.4325556755066,950528
2732.126065015793,950784
2732.820816040039,951040
2733.5122945308685,951296
2734.204570531845,951552
2734.8956751823425,951808
2735.6364381313324,952064
2736.3352551460266,952320
2737.105411529541,952576
2737.7890355587006,952832
2738.4784247875214,953088
2739.176605939865,953344
2739.870921611786,953600
2740.5577476024628,953856
2741.250912427902,954112
2741.970725774765,954368
2742.660166978836,954624
2743.354379415512,954880
2744.090930223465,955136
2744.7781734466553,955392
2745.635927915573,955648
2746.325516462326,955904
2747.1150012016296,956160
2747.7157475948334,956416
2748.4208657741547,956672
2749.1112835407257,956928
2749.8090884685516,957184
2750.4978885650635,957440
2751.2284309864044,957696
2751.914503097534,957952
2752.6219432353973,958208
2753.313719511032,958464
2754.006320476532,958720
2754.696980237961,958976
2755.3900780677795,959232
2756.083621740341,959488
2756.777478456497,959744
2757.544413089752,960000
2758.254261493683,960256
2758.9450826644897,960512
2759.6387779712677,960768
2760.3241126537323,961024
2761.0134420394897,961280
2761.705444097519,961536
2762.3968391418457,961792
2763.087168931961,962048
2763.778109550476,962304
2764.469613790512,962560
2765.2095201015472,962816
2765.956842660904,963072
2766.6448035240173,963328
2767.337072134018,963584
2768.0560505390167,963840
2768.7457597255707,964096
2769.4400119781494,964352
2770.131357908249,964608
2770.8227667808533,964864
2771.516124010086,965120
2772.241817712784,965376
2773.0527794361115,965632
2773.7113704681396,965888
2774.3990473747253,966144
2775.105049610138,966400
2775.9246985912323,966656
2776.6164808273315,966912
2777.314635515213,967168
2778.0065217018127,967424
2778.6950113773346,967680
2779.4292237758636,967936
2780.113789796829,968192
2780.8160107135773,968448
2781.511929512024,968704
2782.1973888874054,968960
2782.8919258117676,969216
2783.608598470688,969472
2784.296907186508,969728
2784.986951828003,969984
2785.679185628891,970240
2786.402573823929,970496
2787.1022050380707,970752
2787.8030807971954,971008
2788.5601978302,971264
2789.2395038604736,971520
2789.9293122291565,971776
2790.623154401779,972032
2791.3135204315186,972288
2792.0051596164703,972544
2792.69611120224,972800
2793.4204802513123,973056
2794.1145651340485,973312
2794.8182587623596,973568
2795.6869826316833,973824
2796.2120621204376,974080
2796.9021785259247,974336
2797.591696023941,974592
2798.3030276298523,974848
2799.0110352039337,975104
2799.7048242092133,975360
2800.454005241394,975616
2801.142030954361,975872
2801.8351650238037,976128
2802.5250074863434,976384
2803.2128024101257,976640
2804.031388282776,976896
2804.6054270267487,977152
2805.304063796997,977408
2806.1275429725647,977664
2806.824343442917,977920
2807.551285982132,978176
2808.2337884902954,978432
2808.9238419532776,978688
2809.6166009902954,978944
2810.3037326335907,979200
2810.996575117111,979456
2811.6908752918243,979712
2812.379124403,979968
2813.07129073143,980224
2813.762489080429,980480
2814.5072515010834,980736
2815.207185268402,980992
2815.9070496559143,981248
2816.596470594406,981504
2817.294345855713,981760
2817.984923362732,982016
2818.6791956424713,982272
2819.3631975650787,982528
2820.0729649066925,982784
2820.7515053749084,983040
2821.4704189300537,983296
2822.160879611969,983552
2822.861784696579,983808
2823.5583662986755,984064
2824.245989084244,984320
2824.9405813217163,984576
2825.8405940532684,984832
2826.5387959480286,985088
2827.24018740654,985344
2827.931317806244,985600
2828.6815185546875,985856
2829.3772349357605,986112
2830.0732407569885,986368
2830.7565491199493,986624
2831.4536039829254,986880
2832.1451852321625,987136
2832.836086034775,987392
2833.531264066696,987648
2834.2155249118805,987904
2834.913188934326,988160
2835.924419403076,988416
2836.606521844864,988672
2837.2952105998993,988928
2837.9899220466614,989184
2838.67818236351,989440
2839.367933511734,989696
2840.0623018741608,989952
2840.748876810074,990208
2841.4416739940643,990464
2842.1373455524445,990720
2842.8512530326843,990976
2843.5402421951294,991232
2844.2333698272705,991488
2844.9232308864594,991744
2845.6165704727173,992000
2846.3069643974304,992256
2847.0008358955383,992512
2847.689436197281,992768
2848.382210254669,993024
2849.0854122638702,993280
2849.800392627716,993536
2850.487488746643,993792
2851.182392835617,994048
2851.873277902603,994304
2852.568062543869,994560
2853.2505111694336,994816
2853.9427671432495,995072
2854.636452436447,995328
2855.324278354645,995584
2856.1335124969482,995840
2856.8520855903625,996096
2857.5562303066254,996352
2858.2361347675323,996608
2858.924003839493,996864
2859.613677740097,997120
2860.3072667121887,997376
2861.0135657787323,997632
2861.707033395767,997888
2862.398540019989,998144
2863.089499950409,998400
2863.8345770835876,998656
2864.534240245819,998912
2865.223530769348,999168
2866.093099117279,999424
2866.781839609146,999680
2867.475305557251,999936
2868.1780042648315,1000192
2868.8639748096466,1000448
2869.5523290634155,1000704
2870.241641521454,1000960
2870.974429130554,1001216
2871.6516416072845,1001472
2872.3442430496216,1001728
2873.031989097595,1001984
2873.729656457901,1002240
2874.4189891815186,1002496
2875.1137239933014,1002752
2875.803251028061,1003008
2876.4966053962708,1003264
2877.184359550476,1003520
2877.9005744457245,1003776
2878.599879026413,1004032
2879.2916860580444,1004288
2879.988759279251,1004544
2880.67525267601,1004800
2881.367253303528,1005056
2882.064916372299,1005312
2882.753164768219,1005568
2883.4396381378174,1005824
2884.137279987335,1006080
2884.847259759903,1006336
2885.543325662613,1006592
2886.2517669200897,1006848
2886.9467191696167,1007104
2887.6417043209076,1007360
2888.3292479515076,1007616
2889.0201473236084,1007872
2889.7288641929626,1008128
2890.419999361038,1008384
2891.119039297104,1008640
2891.8432805538177,1008896
2892.541271686554,1009152
2893.2496588230133,1009408
2893.9499695301056,1009664
2894.641011953354,1009920
2895.329701423645,1010176
2896.225633621216,1010432
2896.919462442398,1010688
2897.6385872364044,1010944
2898.3234577178955,1011200
2899.0468878746033,1011456
2899.7359430789948,1011712
2900.425531387329,1011968
2901.1163671016693,1012224
2901.8078327178955,1012480
2902.4966192245483,1012736
2903.1905419826508,1012992
2903.8778669834137,1013248
2904.56983089447,1013504
2905.2641699314117,1013760
2906.0097954273224,1014016
2906.696682214737,1014272
2907.3881764411926,1014528
2908.0792434215546,1014784
2908.768468141556,1015040
2909.458969593048,1015296
2910.157013654709,1015552
2910.8458993434906,1015808
2911.5348682403564,1016064
2912.2320399284363,1016320
2912.9684703350067,1016576
2913.660307407379,1016832
2914.3491592407227,1017088
2915.0392277240753,1017344
2915.7329041957855,1017600
2916.421867132187,1017856
2917.1114332675934,1018112
2917.8046774864197,1018368
2918.5548224449158,1018624
2919.243544101715,1018880
2919.9701433181763,1019136
2920.6645686626434,1019392
2921.3574273586273,1019648
2922.0496339797974,1019904
2922.739716529846,1020160
2923.4806640148163,1020416
2924.1553580760956,1020672
2924.848078250885,1020928
2925.537441253662,1021184
2926.2958402633667,1021440
2927.0189604759216,1021696
2927.699743270874,1021952
2928.3961565494537,1022208
2929.0922467708588,1022464
2929.782427072525,1022720
2930.497965812683,1022976
2931.188105583191,1023232
2931.87596988678,1023488
2932.5794818401337,1023744
2933.2663564682007,1024000
2933.9977893829346,1024256
2934.688404083252,1024512
2935.3932979106903,1024768
2936.0795607566833,1025024
2936.77290725708,1025280
2937.467242002487,1025536
2938.191670656204,1025792
2938.852915287018,1026048
2939.590845346451,1026304
2940.29771399498,1026560
2941.015792131424,1026816
2941.7817571163177,1027072
2942.471220970154,1027328
2943.1690208911896,1027584
2943.8618841171265,1027840
2944.5757265090942,1028096
2945.2910146713257,1028352
2946.061828136444,1028608
2946.753324508667,1028864
2947.44727230072,1029120
2948.164279460907,1029376
2948.8666501045227,1029632
2949.5456387996674,1029888
2950.248993396759,1030144
2950.928853750229,1030400
2951.6225802898407,1030656
2952.332807779312,1030912
2953.017234802246,1031168
2953.713448524475,1031424
2954.4001049995422,1031680
2955.119488477707,1031936
2956.053874015808,1032192
2956.6097445487976,1032448
2957.2990617752075,1032704
2957.9934401512146,1032960
2958.6943101882935,1033216
2959.3837308883667,1033472
2960.078824520111,1033728
2960.767548561096,1033984
2961.4641859531403,1034240
2962.1722588539124,1034496
2962.8623514175415,1034752
2963.556694507599,1035008
2964.251000404358,1035264
2965.040386915207,1035520
2965.674693584442,1035776
2966.366870164871,1036032
2967.0578739643097,1036288
2967.7562413215637,1036544
2968.443677663803,1036800
2969.157213449478,1037056
2969.8484942913055,1037312
2970.542568922043,1037568
2971.238235473633,1037824
2971.927596092224,1038080
2972.6193108558655,1038336
2973.306885242462,1038592
2974.009963989258,1038848
2974.700600385666,1039104
2975.4487133026123,1039360
2976.4404561519623,1039616
2977.1323421001434,1039872
2977.8346951007843,1040128
2978.526931285858,1040384
2979.2172141075134,1040640
2979.906270503998,1040896
2980.622761487961,1041152
2981.328335046768,1041408
2982.016335964203,1041664
2982.7153549194336,1041920
2983.4301409721375,1042176
2984.1365184783936,1042432
2984.8193550109863,1042688
2985.506922483444,1042944
2986.457424879074,1043200
2987.150444984436,1043456
2987.8424410820007,1043712
2988.5355973243713,1043968
2989.2423462867737,1044224
2989.929322719574,1044480
2990.676515817642,1044736
2991.364240169525,1044992
2992.0628917217255,1045248
2992.747496843338,1045504
2993.440678358078,1045760
2994.1323351860046,1046016
2994.818877696991,1046272
2995.5134904384613,1046528
2996.2281455993652,1046784
2996.9143919944763,1047040
2997.630865573883,1047296
2998.321631669998,1047552
2999.0153930187225,1047808
2999.7185955047607,1048064
3000.4134566783905,1048320
3001.108370065689,1048576
3001.7958855628967,1048832
3002.498191833496,1049088
3003.182780265808,1049344
3003.8737738132477,1049600
3004.6119651794434,1049856
3005.301351070404,1050112
3006.222255706787,1050368
3006.91739654541,1050624
3007.6050820350647,1050880
3008.2986299991608,1051136
3008.990579366684,1051392
3009.6854639053345,1051648
3010.3729596138,1051904
3011.0617759227753,1052160
3011.820999145508,1052416
3012.4883182048798,1052672
3013.1805057525635,1052928
3013.872122526169,1053184
3014.560657262802,1053440
3015.2552921772003,1053696
3016.207625389099,1053952
3016.6481664180756,1054208
3017.336086034775,1054464
3018.028998374939,1054720
3018.743493795395,1054976
3019.431474685669,1055232
3020.122653245926,1055488
3020.813442468643,1055744
3021.509423017502,1056000
3022.1947045326233,1056256
3022.886703968048,1056512
3023.5771827697754,1056768
3024.2646639347076,1057024
3024.957674741745,1057280
3025.6690244674683,1057536
3026.3635754585266,1057792
3027.0532689094543,1058048
3027.747924566269,1058304
3028.442868947983,1058560
3029.1375439167023,1058816
3029.8286488056183,1059072
3030.5178961753845,1059328
3031.2129487991333,1059584
3031.904573917389,1059840
3032.6549038887024,1060096
3033.3401646614075,1060352
3034.0372383594513,1060608
3034.729586839676,1060864
3035.420354127884,1061120
3036.226001024246,1061376
3036.9181003570557,1061632
3037.610814809799,1061888
3038.3027596473694,1062144
3038.9941415786743,1062400
3039.707805633545,1062656
3040.398749113083,1062912
3041.0894610881805,1063168
3041.7841486930847,1063424
3042.4736914634705,1063680
3043.1670548915863,1063936
3043.861639738083,1064192
3044.5575387477875,1064448
3045.2516243457794,1064704
3045.9358582496643,1064960
3046.649084329605,1065216
3047.3404519557953,1065472
3048.0271825790405,1065728
3048.726487159729,1065984
3049.4171624183655,1066240
3050.1124260425568,1066496
3050.800345659256,1066752
3051.4889163970947,1067008
3052.18635058403,1067264
3052.872607946396,1067520
3053.6476259231567,1067776
3054.3347368240356,1068032
3055.0209159851074,1068288
3055.713664293289,1068544
3056.4074444770813,1068800
3057.1030747890472,1069056
3057.7962017059326,1069312
3058.495878458023,1069568
3059.1792674064636,1069824
3059.8701646327972,1070080
3060.587672472,1070336
3061.2757420539856,1070592
3061.9722232818604,1070848
3062.6652455329895,1071104
3063.3526241779327,1071360
3064.0478665828705,1071616
3064.7392115592957,1071872
3065.421800851822,1072128
3066.3628158569336,1072384
3067.055974006653,1072640
3067.7822110652924,1072896
3068.46538233757,1073152
3069.1643254756927,1073408
3069.8496718406677,1073664
3070.5430142879486,1073920
3071.236419200897,1074176
3071.9273450374603,1074432
3072.627028465271,1074688
3073.3152754306793,1074944
3074.0029788017273,1075200
3074.7277414798737,1075456
3075.424696445465,1075712
3076.3752484321594,1075968
3077.083613395691,1076224
3077.7740943431854,1076480
3078.4632411003113,1076736
3079.1526141166687,1076992
3079.866032600403,1077248
3080.5605058670044,1077504
3081.251588821411,1077760
3081.9873764514923,1078016
3082.6780586242676,1078272
3083.391154527664,1078528
3084.0818767547607,1078784
3084.7752978801727,1079040
3085.471042871475,1079296
3086.16223859787,1079552
3086.85249710083,1079808
3087.5482478141785,1080064
3088.2393882274628,1080320
3088.9511013031006,1080576
3089.6513447761536,1080832
3090.3391087055206,1081088
3091.0251257419586,1081344
3091.713714361191,1081600
3092.4088530540466,1081856
3093.1006729602814,1082112
3093.7975285053253,1082368
3094.4891545772552,1082624
3095.1885330677032,1082880
3095.9215092658997,1083136
3096.6701323986053,1083392
3097.357635498047,1083648
3098.0487723350525,1083904
3098.742814540863,1084160
3099.4335379600525,1084416
3100.2506308555603,1084672
3100.9059586524963,1084928
3101.6006236076355,1085184
3102.2979011535645,1085440
3103.068756580353,1085696
3103.7609136104584,1085952
3104.4512655735016,1086208
3105.140392780304,1086464
3105.8286929130554,1086720
3106.6642577648163,1086976
3107.3462245464325,1087232
3108.041413784027,1087488
3108.729812145233,1087744
3109.422887325287,1088000
3110.1324236392975,1088256
3110.8426642417908,1088512
3111.535577774048,1088768
3112.2275171279907,1089024
3112.919818162918,1089280
3113.6106123924255,1089536
3114.301001548767,1089792
3114.9976234436035,1090048
3115.8291075229645,1090304
3116.4090843200684,1090560
3117.1314425468445,1090816
3117.8251099586487,1091072
3118.517290353775,1091328
3119.2109315395355,1091584
3119.903680086136,1091840
3120.5931780338287,1092096
3121.3176820278168,1092352
3122.0057084560394,1092608
3122.7051124572754,1092864
3123.3909590244293,1093120
3124.1409986019135,1093376
3124.8257670402527,1093632
3125.589789867401,1093888
3126.5180814266205,1094144
3127.1909263134003,1094400
3127.884301662445,1094656
3128.5727083683014,1094912
3129.267381668091,1095168
3129.964356660843,1095424
3130.6556248664856,1095680
3131.368905544281,1095936
3132.060979604721,1096192
3132.752218723297,1096448
3133.455595254898,1096704
3134.1467213630676,1096960
3134.838492870331,1097216
3135.5294029712677,1097472
3136.4394249916077,1097728
3137.147212743759,1097984
3137.8384189605713,1098240
3138.586258649826,1098496
3139.272665500641,1098752
3139.9608573913574,1099008
3140.651901960373,1099264
3141.342997074127,1099520
3142.1511087417603,1099776
3142.8316922187805,1100032
3143.520076274872,1100288
3144.2134222984314,1100544
3144.902868270874,1100800
3145.6269397735596,1101056
3146.3253242969513,1101312
3147.0157175064087,1101568
3147.7091588974,1101824
3148.399024248123,1102080
3149.104127883911,1102336
3149.7827582359314,1102592
3150.470923423767,1102848
3151.1658642292023,1103104
3151.8556730747223,1103360
3152.604795217514,1103616
3153.269011259079,1103872
3153.9573209285736,1104128
3154.6468863487244,1104384
3155.3396713733673,1104640
3156.0283150672913,1104896
3156.728566646576,1105152
3157.424295902252,1105408
3158.1322746276855,1105664
3158.8301644325256,1105920
3159.539128303528,1106176
3160.2270781993866,1106432
3160.9170875549316,1106688
3161.6172671318054,1106944
3162.301774263382,1107200
3162.9885807037354,1107456
3163.679370880127,1107712
3164.3696093559265,1107968
3165.0621333122253,1108224
3165.7539858818054,1108480
3166.6298389434814,1108736
3167.318164587021,1108992
3168.1548306941986,1109248
3168.759628534317,1109504
3169.4523441791534,1109760
3170.1427631378174,1110016
3170.8334624767303,1110272
3171.5436606407166,1110528
3172.2328174114227,1110784
3172.923896074295,1111040
3173.6676573753357,1111296
3174.3617520332336,1111552
3175.053247690201,1111808
3175.7410485744476,1112064
3176.436378955841,1112320
3177.124898672104,1112576
3177.8169450759888,1112832
3178.5061049461365,1113088
3179.19535112381,1113344
3179.885196208954,1113600
3180.6046793460846,1113856
3181.29004406929,1114112
3181.9760880470276,1114368
3182.6656033992767,1114624
3183.359888315201,1114880
3184.0765812397003,1115136
3184.762084007263,1115392
3185.451808452606,1115648
3186.1453783512115,1115904
3186.851436138153,1116160
3187.5841734409332,1116416
3188.272358417511,1116672
3188.9904267787933,1116928
3189.68345618248,1117184
3190.3786244392395,1117440
3191.064572095871,1117696
3191.7526133060455,1117952
3192.445008993149,1118208
3193.1332137584686,1118464
3193.965570449829,1118720
3194.615436077118,1118976
3195.3052973747253,1119232
3196.0079963207245,1119488
3196.8925564289093,1119744
3197.608017683029,1120000
3198.320900917053,1120256
3199.055397748947,1120512
3199.7342829704285,1120768
3200.446228981018,1121024
3201.140201807022,1121280
3201.85364484787,1121536
3202.5453345775604,1121792
3203.2519891262054,1122048
3203.9361279010773,1122304
3204.646095752716,1122560
3205.3384432792664,1122816
3206.027909040451,1123072
3206.720330953598,1123328
3207.410226583481,1123584
3208.0999443531036,1123840
3208.8238110542297,1124096
3209.516655921936,1124352
3210.2179799079895,1124608
3210.945603132248,1124864
3211.63489985466,1125120
3212.3254635334015,1125376
3213.018740415573,1125632
3213.7083888053894,1125888
3214.4038877487183,1126144
3215.108252763748,1126400
3215.8272638320923,1126656
3216.5520327091217,1126912
3217.248985528946,1127168
3217.950416326523,1127424
3218.636122941971,1127680
3219.338536977768,1127936
3220.0986666679382,1128192
3220.776516675949,1128448
3221.470455646515,1128704
3222.1637127399445,1128960
3222.891174554825,1129216
3223.5792047977448,1129472
3224.2649245262146,1129728
3224.9596157073975,1129984
3225.6585109233856,1130240
3226.636327981949,1130496
3227.32542347908,1130752
3228.017327785492,1131008
3228.710109233856,1131264
3229.396232843399,1131520
3230.141209602356,1131776
3230.8732635974884,1132032
3231.5643222332,1132288
3232.2543046474457,1132544
3232.9615094661713,1132800
3233.6545662879944,1133056
3234.3463973999023,1133312
3235.039516210556,1133568
3235.7293651103973,1133824
3236.4218757152557,1134080
3237.1429266929626,1134336
3237.8367347717285,1134592
3238.524108171463,1134848
3239.2278225421906,1135104
3239.9169657230377,1135360
3240.604204416275,1135616
3241.3133437633514,1135872
3242.0063304901123,1136128
3242.6976597309113,1136384
3243.386607170105,1136640
3244.1193466186523,1136896
3244.813707590103,1137152
3245.505786895752,1137408
3246.202836751938,1137664
3246.9287128448486,1137920
3247.6285784244537,1138176
3248.317987680435,1138432
3249.0117304325104,1138688
3249.698977470398,1138944
3250.391111135483,1139200
3251.1367304325104,1139456
3251.9585993289948,1139712
3252.586564540863,1139968
3253.2743899822235,1140224
3253.9672980308533,1140480
3254.65868473053,1140736
3255.360853910446,1140992
3256.051536798477,1141248
3256.9083364009857,1141504
3257.597282409668,1141760
3258.3533585071564,1142016
3259.0350279808044,1142272
3259.7294731140137,1142528
3260.4191365242004,1142784
3261.1194739341736,1143040
3261.8055760860443,1143296
3262.501806497574,1143552
3263.190573453903,1143808
3263.891963005066,1144064
3264.5853264331818,1144320
3265.3050620555878,1144576
3265.9902262687683,1144832
3266.6851885318756,1145088
3267.377270936966,1145344
3268.070258140564,1145600
3268.7629227638245,1145856
3269.458871603012,1146112
3270.1488749980927,1146368
3270.8421397209167,1146624
3271.5372066497803,1146880
3272.252527475357,1147136
3272.9724490642548,1147392
3273.6705610752106,1147648
3274.3783378601074,1147904
3275.081127882004,1148160
3275.7725450992584,1148416
3276.463546037674,1148672
3277.160189628601,1148928
3278.170603275299,1149184
3278.6986396312714,1149440
3279.4093136787415,1149696
3280.1027538776398,1149952
3280.792003631592,1150208
3281.4821214675903,1150464
3282.173054933548,1150720
3282.861397266388,1150976
3283.58486700058,1151232
3284.2823927402496,1151488
3284.970177412033,1151744
3285.6644566059113,1152000
3286.3910326957703,1152256
3287.077728509903,1152512
3287.7791175842285,1152768
3288.541455745697,1153024
3289.3527586460114,1153280
3290.064918756485,1153536
3290.7537710666656,1153792
3291.444781780243,1154048
3292.1430661678314,1154304
3292.8359904289246,1154560
3293.6201803684235,1154816
3294.2988917827606,1155072
3294.988759279251,1155328
3295.6805181503296,1155584
3296.3761744499207,1155840
3297.0639810562134,1156096
3297.7587435245514,1156352
3298.4480032920837,1156608
3299.1442289352417,1156864
3299.8366277217865,1157120
3300.5488650798798,1157376
3301.2389154434204,1157632
3301.9276933670044,1157888
3302.6217398643494,1158144
3303.311353445053,1158400
3304.094002008438,1158656
3304.770505666733,1158912
3305.4730784893036,1159168
3306.1632907390594,1159424
3306.8555450439453,1159680
3307.5695707798004,1159936
3308.263120174408,1160192
3308.952981710434,1160448
3309.6686491966248,1160704
3310.357751607895,1160960
3311.049639225006,1161216
3311.7397785186768,1161472
3312.43275475502,1161728
3313.1238844394684,1161984
3313.8326530456543,1162240
3314.8482546806335,1162496
3315.3773589134216,1162752
3316.071779489517,1163008
3316.7701292037964,1163264
3317.4965102672577,1163520
3318.1447989940643,1163776
3318.8480291366577,1164032
3319.53232049942,1164288
3320.270257472992,1164544
3320.9634635448456,1164800
3321.694844484329,1165056
3322.3802149295807,1165312
3323.0728797912598,1165568
3323.766598701477,1165824
3324.4571266174316,1166080
3325.3232407569885,1166336
3325.86407327652,1166592
3326.5631000995636,1166848
3327.253261566162,1167104
3327.9659559726715,1167360
3328.67431807518,1167616
3329.378086090088,1167872
3330.071665763855,1168128
3330.804757833481,1168384
3331.617416858673,1168640
3332.3134021759033,1168896
3333.0009903907776,1169152
3333.6904339790344,1169408
3334.3809866905212,1169664
3335.0734100341797,1169920
3335.873395681381,1170176
3336.511850833893,1170432
3337.2060737609863,1170688
3337.8983476161957,1170944
3338.587821006775,1171200
3339.293383836746,1171456
3339.989939928055,1171712
3340.6752977371216,1171968
3341.369240999222,1172224
3342.0601613521576,1172480
3342.7741918563843,1172736
3343.472825527191,1172992
3344.1546292304993,1173248
3344.8467621803284,1173504
3345.5415468215942,1173760
3346.245103597641,1174016
3346.938690662384,1174272
3347.6239733695984,1174528
3348.3204720020294,1174784
3349.0188462734222,1175040
3349.725476026535,1175296
3350.411135673523,1175552
3351.1107170581818,1175808
3351.8337712287903,1176064
3352.520406961441,1176320
3353.2142186164856,1176576
3353.9026579856873,1176832
3354.594046831131,1177088
3355.293506860733,1177344
3355.9783992767334,1177600
3356.8246405124664,1177856
3357.484505176544,1178112
3358.174984931946,1178368
3358.887191295624,1178624
3359.5835239887238,1178880
3360.269474506378,1179136
3360.9639904499054,1179392
3361.735361099243,1179648
3362.434335231781,1179904
3363.1221237182617,1180160
3363.8307621479034,1180416
3364.5219388008118,1180672
3365.215818166733,1180928
3365.909014940262,1181184
3366.599020719528,1181440
3367.290721178055,1181696
3367.9773240089417,1181952
3368.668474674225,1182208
3369.3613760471344,1182464
3370.053817987442,1182720
3370.75932097435,1182976
3371.45361995697,1183232
3372.1389589309692,1183488
3372.8348875045776,1183744
3373.5246725082397,1184000
3374.2177460193634,1184256
3374.924928665161,1184512
3375.616787672043,1184768
3376.3070533275604,1185024
3377.0009603500366,1185280
3377.7473714351654,1185536
3378.4278304576874,1185792
3379.120936155319,1186048
3379.811371088028,1186304
3380.510153770447,1186560
3381.407907962799,1186816
3382.0956270694733,1187072
3382.845852613449,1187328
3383.4899537563324,1187584
3384.1878390312195,1187840
3384.901231765747,1188096
3385.5902602672577,1188352
3386.2849690914154,1188608
3386.982650279999,1188864
3387.676286458969,1189120
3388.3673169612885,1189376
3389.0536024570465,1189632
3389.747462749481,1189888
3390.456068754196,1190144
3391.1498091220856,1190400
3391.8648977279663,1190656
3392.5562925338745,1190912
3393.3311960697174,1191168
3393.950888156891,1191424
3394.638223171234,1191680
3395.3331727981567,1191936
3396.0241973400116,1192192
3396.716855764389,1192448
3397.42472076416,1192704
3398.10991024971,1192960
3398.8648624420166,1193216
3399.5555045604706,1193472
3400.2479305267334,1193728
3400.9395270347595,1193984
3401.628564596176,1194240
3402.3237879276276,1194496
3403.012843132019,1194752
3403.7212517261505,1195008
3404.410702228546,1195264
3405.103364944458,1195520
3405.814594745636,1195776
3406.5086205005646,1196032
3407.198609828949,1196288
3407.8868787288666,1196544
3408.576768398285,1196800
3409.3691306114197,1197056
3410.062879562378,1197312
3410.764027118683,1197568
3411.5419771671295,1197824
3412.228791952133,1198080
3412.943618774414,1198336
3413.633405685425,1198592
3414.3279778957367,1198848
3415.020362854004,1199104
3415.716488838196,1199360
3416.4084210395813,1199616
3417.1083040237427,1199872
3417.7917149066925,1200128
3418.4839322566986,1200384
3419.173356294632,1200640
3419.8956756591797,1200896
3420.5852711200714,1201152
3421.494926214218,1201408
3422.179480791092,1201664
3422.870873451233,1201920
3423.5670177936554,1202176
3424.2530229091644,1202432
3424.9592790603638,1202688
3425.647220134735,1202944
3426.3471958637238,1203200
3427.0660791397095,1203456
3427.772348880768,1203712
3428.461651802063,1203968
3429.1609749794006,1204224
3429.94841337204,1204480
3430.5729880332947,1204736
3431.2702066898346,1204992
3431.9590833187103,1205248
3432.648191690445,1205504
3433.339472770691,1205760
3434.0605413913727,1206016
3434.747876882553,1206272
3435.446161031723,1206528
3436.138013124466,1206784
3436.833098888397,1207040
3437.520114660263,1207296
3438.2114074230194,1207552
3438.9076359272003,1207808
3439.6058740615845,1208064
3440.5287578105927,1208320
3441.2442722320557,1208576
3441.9626133441925,1208832
3442.656311750412,1209088
3443.346539258957,1209344
3444.0449516773224,1209600
3444.7279422283173,1209856
3445.4376935958862,1210112
3446.13205242157,1210368
3446.825975894928,1210624
3447.518839597702,1210880
3448.232680797577,1211136
3448.919755220413,1211392
3449.610898256302,1211648
3450.319824695587,1211904
3451.027745485306,1212160
3451.9702203273773,1212416
3452.663403272629,1212672
3453.3485922813416,1212928
3454.0441942214966,1213184
3454.7384135723114,1213440
3455.460486650467,1213696
3456.197996377945,1213952
3456.8902401924133,1214208
3457.5825815200806,1214464
3458.2756402492523,1214720
3458.9619421958923,1214976
3459.6515786647797,1215232
3460.3451681137085,1215488
3461.036073923111,1215744
3461.7448167800903,1216000
3462.4547340869904,1216256
3463.1458876132965,1216512
3463.8370463848114,1216768
3464.531054019928,1217024
3465.2193830013275,1217280
3465.92138338089,1217536
3466.7128212451935,1217792
3467.3641607761383,1218048
3468.0677449703217,1218304
3468.759716272354,1218560
3469.4715206623077,1218816
3470.1648564338684,1219072
3470.862503051758,1219328
3471.630654335022,1219584
3472.3316061496735,1219840
3473.024200439453,1220096
3473.7175195217133,1220352
3474.40692281723,1220608
3475.0988042354584,1220864
3475.789302110672,1221120
3476.502387523651,1221376
3477.232100009918,1221632
3477.9042279720306,1221888
3478.594319343567,1222144
3479.288475751877,1222400
3479.9954023361206,1222656
3480.698999643326,1222912
3481.392688512802,1223168
3482.092547893524,1223424
3482.780828475952,1223680
3483.5256898403168,1223936
3484.2132453918457,1224192
3484.8990981578827,1224448
3485.595101594925,1224704
3486.287295818329,1224960
3486.988964319229,1225216
3487.723955154419,1225472
3488.400468111038,1225728
3489.0957746505737,1225984
3489.7853462696075,1226240
3490.502223968506,1226496
3491.192927122116,1226752
3491.881790161133,1227008
3492.5742614269257,1227264
3493.2644815444946,1227520
3493.953566789627,1227776
3494.6489448547363,1228032
3495.3380286693573,1228288
3496.0340955257416,1228544
3496.719229698181,1228800
3497.43830037117,1229056
3498.357668876648,1229312
3499.030068397522,1229568
3499.7267496585846,1229824
3500.4149384498596,1230080
3501.105208873749,1230336
3501.9435386657715,1230592
3502.6577587127686,1230848
3503.399968147278,1231104
3504.0372772216797,1231360
3504.769650220871,1231616
3505.4601180553436,1231872
3506.18359208107,1232128
3506.8744859695435,1232384
3507.5687913894653,1232640
3508.2572457790375,1232896
3508.9534220695496,1233152
3509.650819301605,1233408
3510.341792821884,1233664
3511.0439236164093,1233920
3512.0444571971893,1234176
3512.7376890182495,1234432
3513.431361913681,1234688
3514.1303420066833,1234944
3514.8132979869843,1235200
3515.503483057022,1235456
3516.195895910263,1235712
3516.8888552188873,1235968
3517.576852083206,1236224
3518.2663612365723,1236480
3518.9816138744354,1236736
3519.719400405884,1236992
3520.408948659897,1237248
3521.10102391243,1237504
3521.7946152687073,1237760
3522.4811034202576,1238016
3523.169111251831,1238272
3523.8590939044952,1238528
3524.5550022125244,1238784
3525.2424352169037,1239040
3525.976676940918,1239296
3526.663473367691,1239552
3527.3506412506104,1239808
3528.044973373413,1240064
3528.7290012836456,1240320
3529.4186313152313,1240576
3530.119448661804,1240832
3530.810141801834,1241088
3531.497758626938,1241344
3532.2008290290833,1241600
3532.917168855667,1241856
3533.606122970581,1242112
3534.2938144207,1242368
3534.9838449954987,1242624
3535.6723413467407,1242880
3536.3618562221527,1243136
3537.0527772903442,1243392
3537.741777896881,1243648
3538.4309318065643,1243904
3539.120623588562,1244160
3539.8352539539337,1244416
3540.520043373108,1244672
3541.2078909873962,1244928
3541.9624257087708,1245184
3542.6526005268097,1245440
3543.346510410309,1245696
3544.0323073863983,1245952
3544.720612049103,1246208
3545.4104130268097,1246464
3546.101306438446,1246720
3546.832900762558,1246976
3547.521054506302,1247232
3548.209668159485,1247488
3548.901141166687,1247744
3549.588615179062,1248000
3550.2779400348663,1248256
3550.9676156044006,1248512
3551.658126592636,1248768
3552.3465189933777,1249024
3553.0348949432373,1249280
3553.7452290058136,1249536
3554.431836605072,1249792
3555.122910261154,1250048
3555.848265647888,1250304
3556.537269115448,1250560
3557.226421356201,1250816
3557.9171822071075,1251072
3558.6052556037903,1251328
3559.2950365543365,1251584
3559.9833838939667,1251840
3560.8796558380127,1252096
3561.56610250473,1252352
3562.254897594452,1252608
3562.9442031383514,1252864
3563.6336991786957,1253120
3564.324688911438,1253376
3565.0126621723175,1253632
3565.70179271698,1253888
3566.3919003009796,1254144
3567.082844734192,1254400
3567.7946212291718,1254656
3568.4805166721344,1254912
3569.1699266433716,1255168
3569.8595867156982,1255424
3570.5504307746887,1255680
3571.2385437488556,1255936
3571.927132844925,1256192
3572.6164281368256,1256448
3573.308137178421,1256704
3573.995892047882,1256960
3574.7043969631195,1257216
3575.3914675712585,1257472
3576.0803468227386,1257728
3576.7717623710632,1257984
3577.460292339325,1258240
3578.1497468948364,1258496
3578.8390283584595,1258752
3579.530483007431,1259008
3580.2197675704956,1259264
3580.908796072006,1259520
3581.7926123142242,1259776
3582.478008031845,1260032
3583.1694190502167,1260288
3583.859069108963,1260544
3584.5483548641205,1260800
3585.237459897995,1261056
3585.9284512996674,1261312
3586.616866350174,1261568
3587.3067014217377,1261824
3587.996155023575,1262080
3588.715269804001,1262336
3589.4094178676605,1262592
3590.1006660461426,1262848
3590.789561986923,1263104
3591.478367805481,1263360
3592.1758444309235,1263616
3592.8641443252563,1263872
3593.5535831451416,1264128
3594.242434024811,1264384
3594.9332733154297,1264640
3595.642315387726,1264896
3596.329696416855,1265152
3597.108540534973,1265408
3597.79744553566,1265664
3598.4879987239838,1265920
3599.176817417145,1266176
3599.8657495975494,1266432
3600.555281162262,1266688
3601.2445056438446,1266944
3601.9334285259247,1267200
3602.6514101028442,1267456
3603.3382782936096,1267712
3604.0295703411102,1267968
3604.7180438041687,1268224
3605.407050848007,1268480
3606.096783876419,1268736
3606.78590631485,1268992
3607.4794692993164,1269248
3608.1666543483734,1269504
3608.8559317588806,1269760
3609.5661449432373,1270016
3610.255745410919,1270272
3610.944195508957,1270528
3611.6346786022186,1270784
3612.322611093521,1271040
3613.014225244522,1271296
3613.7018525600433,1271552
3614.3918375968933,1271808
3615.0806465148926,1272064
3615.770516872406,1272320
3616.505680322647,1272576
3617.188469171524,1272832
3617.877935409546,1273088
3618.56707072258,1273344
3619.2585780620575,1273600
3619.9460787773132,1273856
3620.635405063629,1274112
3621.32431101799,1274368
3622.014867067337,1274624
3622.7044200897217,1274880
3623.412130832672,1275136
3624.100474357605,1275392
3624.7880895137787,1275648
3625.4777200222015,1275904
3626.1674377918243,1276160
3626.856608390808,1276416
3627.5457043647766,1276672
3628.3609471321106,1276928
3629.0490481853485,1277184
3629.738154888153,1277440
3630.4641783237457,1277696
3631.1539142131805,1277952
3631.8427169322968,1278208
3632.5326166152954,1278464
3633.263128042221,1278720
3633.9513087272644,1278976
3634.641262292862,1279232
3635.3314452171326,1279488
3636.0193133354187,1279744
3636.708977460861,1280000
3637.4199874401093,1280256
3638.1078329086304,1280512
3638.798100709915,1280768
3639.486812353134,1281024
3640.5226929187775,1281167
