time_from_start,number_of_rows_finished
0,0
52.64832377433777,256
53.53845024108887,512
54.154701948165894,768
54.82209014892578,1024
55.511624574661255,1280
56.22174692153931,1536
56.93412733078003,1792
57.61491823196411,2048
58.306861877441406,2304
58.994407653808594,2560
59.7192656993866,2816
60.39945650100708,3072
61.088191509246826,3328
61.77764701843262,3584
62.468526124954224,3840
63.157429933547974,4096
63.84542202949524,4352
64.53428339958191,4608
65.22113633155823,4864
65.92141962051392,5120
66.6520779132843,5376
67.59423518180847,5632
68.82588815689087,5888
69.51470565795898,6144
70.22519302368164,6400
70.89540576934814,6656
71.5907301902771,6912
72.28792428970337,7168
72.96911191940308,7424
73.65851736068726,7680
74.37187695503235,7936
75.06120181083679,8192
75.75911474227905,8448
76.44267249107361,8704
77.13017749786377,8960
77.82341527938843,9216
78.71765732765198,9472
79.40658855438232,9728
80.10555028915405,9984
80.79377388954163,10240
81.5198712348938,10496
82.2804343700409,10752
82.97090673446655,11008
83.66066479682922,11264
84.36592817306519,11520
85.05241894721985,11776
85.75275564193726,12032
86.44369602203369,12288
87.13381314277649,12544
87.81535768508911,12800
88.53559160232544,13056
89.22787094116211,13312
89.91782093048096,13568
90.60467910766602,13824
91.59851241111755,14080
92.2920081615448,14336
92.97089171409607,14592
93.65650272369385,14848
94.36600923538208,15104
95.15020370483398,15360
95.86533308029175,15616
96.55763101577759,15872
97.25012183189392,16128
97.94108510017395,16384
98.62837481498718,16640
99.32072138786316,16896
100.00893592834473,17152
100.6982171535492,17408
101.38949942588806,17664
102.07711052894592,17920
102.78758835792542,18176
103.47983074188232,18432
104.16530275344849,18688
104.88503980636597,18944
105.55647850036621,19200
106.24578547477722,19456
107.58661723136902,19712
108.2992742061615,19968
108.97329998016357,20224
109.66404867172241,20480
110.37248659133911,20736
111.06885504722595,20992
111.75433468818665,21248
112.45107316970825,21504
113.13267230987549,21760
113.82595443725586,22016
114.5141921043396,22272
115.20471239089966,22528
115.89356327056885,22784
116.58186507225037,23040
117.3169322013855,23296
117.99743103981018,23552
118.6873505115509,23808
119.37764811515808,24064
120.07630729675293,24320
120.77614378929138,24576
121.45504665374756,24832
122.13931393623352,25088
122.82698035240173,25344
123.51712441444397,25600
124.23829126358032,25856
124.93522572517395,26112
125.62409543991089,26368
126.31448578834534,26624
127.00157356262207,26880
127.69176936149597,27136
128.3822615146637,27392
129.07124662399292,27648
129.75704979896545,27904
130.45363759994507,28160
131.16353130340576,28416
131.85532021522522,28672
132.54661750793457,28928
133.33603930473328,29184
134.52032732963562,29440
135.21086835861206,29696
135.90657305717468,29952
136.61431980133057,30208
137.28265166282654,30464
137.9854860305786,30720
138.68526697158813,30976
139.38392686843872,31232
140.07257676124573,31488
140.76223731040955,31744
141.4525661468506,32000
142.17196536064148,32256
142.8510880470276,32512
143.53935027122498,32768
144.81780910491943,33024
145.5124819278717,33280
146.22774863243103,33536
146.91374611854553,33792
147.61997771263123,34048
148.30370473861694,34304
148.9901053905487,34560
149.69517016410828,34816
150.38056540489197,35072
151.0691637992859,35328
151.7585208415985,35584
152.4490041732788,35840
153.1618824005127,36096
153.85906457901,36352
154.54173159599304,36608
155.23042559623718,36864
155.9197313785553,37120
156.60877323150635,37376
157.2969307899475,37632
157.99829077720642,37888
158.70499801635742,38144
159.37893629074097,38400
160.08810567855835,38656
161.25604033470154,38912
161.93960666656494,39168
162.6273422241211,39424
163.33575081825256,39680
164.01454210281372,39936
164.71732664108276,40192
165.40751719474792,40448
166.09430527687073,40704
166.7901086807251,40960
167.51525163650513,41216
168.19427919387817,41472
168.8879358768463,41728
169.571528673172,41984
170.26137137413025,42240
170.94831371307373,42496
171.64051985740662,42752
172.33785939216614,43008
173.01875352859497,43264
174.62982082366943,43520
175.35421466827393,43776
176.04666256904602,44032
176.73215317726135,44288
177.42270064353943,44544
178.11072540283203,44800
178.80252242088318,45056
179.4954731464386,45312
180.1786699295044,45568
180.87491106987,45824
181.55892753601074,46080
182.27463579177856,46336
182.9696958065033,46592
183.66343808174133,46848
184.34627652168274,47104
185.03800058364868,47360
185.726557970047,47616
186.42338299751282,47872
188.11284971237183,48128
188.81793403625488,48384
189.51003122329712,48640
190.21650290489197,48896
190.90661549568176,49152
191.5949981212616,49408
192.29236960411072,49664
192.97927808761597,49920
193.6714289188385,50176
194.35382318496704,50432
195.0499234199524,50688
195.7354257106781,50944
196.4267294406891,51200
197.13575530052185,51456
197.82849264144897,51712
198.52000856399536,51968
199.2086980342865,52224
199.90079426765442,52480
200.58592247962952,52736
201.74052476882935,52992
202.43992018699646,53248
203.12697839736938,53504
203.81534624099731,53760
204.52837753295898,54016
205.23440790176392,54272
205.90621638298035,54528
206.59486031532288,54784
207.2843954563141,55040
207.97375583648682,55296
208.66174912452698,55552
209.3505425453186,55808
210.04217100143433,56064
211.36328721046448,56320
212.08354020118713,56576
212.7763729095459,56832
213.46421432495117,57088
214.1533989906311,57344
215.19919109344482,57600
215.89924263954163,57856
216.5771770477295,58112
217.2612316608429,58368
217.95746779441833,58624
218.64630818367004,58880
219.35705304145813,59136
220.04698538780212,59392
220.7375946044922,59648
221.42769169807434,59904
222.11325430870056,60160
222.8151891231537,60416
223.49475622177124,60672
224.18312883377075,60928
224.87243127822876,61184
225.56084156036377,61440
226.2684190273285,61696
227.1147427558899,61952
229.18935799598694,62208
229.842205286026,62464
230.5331814289093,62720
231.2202718257904,62976
231.9114933013916,63232
232.60035109519958,63488
233.29174661636353,63744
233.98190569877625,64000
234.7283968925476,64256
235.4187307357788,64512
236.11986017227173,64768
236.79227352142334,65024
237.47970056533813,65280
238.171719789505,65536
238.85996055603027,65792
239.55010223388672,66048
240.23783087730408,66304
240.92751336097717,66560
242.85640406608582,66816
243.55116963386536,67072
244.2427146434784,67328
244.93163347244263,67584
245.61980390548706,67840
246.30751729011536,68096
247.00478529930115,68352
249.49014949798584,68608
250.1023814678192,68864
250.80424785614014,69120
251.52077174186707,69376
252.20753622055054,69632
252.8953835964203,69888
253.583393573761,70144
254.27603244781494,70400
254.9734845161438,70656
255.65514254570007,70912
256.3437809944153,71168
257.0332953929901,71424
258.18128299713135,71680
258.894469499588,71936
259.5867269039154,72192
260.27877378463745,72448
260.97383642196655,72704
261.6640546321869,72960
262.35245013237,73216
263.0408253669739,73472
263.8866431713104,73728
265.1625642776489,73984
265.8395872116089,74240
266.56236743927,74496
267.2468674182892,74752
267.9379222393036,75008
268.62726497650146,75264
269.31523537635803,75520
270.0035488605499,75776
271.8671634197235,76032
273.883526802063,76288
274.5958046913147,76544
275.28736567497253,76800
275.9994218349457,77056
276.6947832107544,77312
277.38006949424744,77568
278.0737359523773,77824
278.7639629840851,78080
279.4544541835785,78336
280.1412920951843,78592
280.83218026161194,78848
281.5207827091217,79104
282.208562374115,79360
282.9201579093933,79616
283.6081042289734,79872
284.2980136871338,80128
284.9867103099823,80384
285.6722285747528,80640
286.36105036735535,80896
287.05233001708984,81152
287.7402067184448,81408
288.4299864768982,81664
289.3430187702179,81920
290.37239813804626,82176
291.03850769996643,82432
291.72854256629944,82688
292.4156858921051,82944
293.1137387752533,83200
293.8019950389862,83456
294.49485516548157,83712
295.1839032173157,83968
295.87340545654297,84224
296.5633955001831,84480
297.2715811729431,84736
297.96129631996155,84992
298.66285586357117,85248
299.33985352516174,85504
300.0269236564636,85760
300.7157964706421,86016
301.40626335144043,86272
302.77928614616394,86528
303.75111627578735,86784
304.44721126556396,87040
305.15680265426636,87296
305.8593957424164,87552
306.54804277420044,87808
307.24997878074646,88064
307.93129777908325,88320
308.6187798976898,88576
309.3095700740814,88832
310.01103591918945,89088
310.6867096424103,89344
311.38040041923523,89600
312.09720754623413,89856
312.7867691516876,90112
313.47538447380066,90368
314.1641900539398,90624
314.85368728637695,90880
315.7717664241791,91136
316.4603593349457,91392
317.1541905403137,91648
317.8420271873474,91904
318.5309545993805,92160
319.26551127433777,92416
319.96382451057434,92672
320.65216517448425,92928
321.3453631401062,93184
322.03333568573,93440
322.73480772972107,93696
323.42957186698914,93952
324.11772632598877,94208
324.814640045166,94464
325.4903197288513,94720
326.21036314964294,94976
326.90098667144775,95232
327.5892286300659,95488
328.27850103378296,95744
329.64456486701965,96000
330.3514802455902,96256
331.03210616111755,96512
331.72188353538513,96768
332.5062725543976,97024
333.2236530780792,97280
333.94275736808777,97536
334.6398415565491,97792
335.3244860172272,98048
336.0133373737335,98304
336.70629477500916,98560
337.39102959632874,98816
338.0811424255371,99072
338.76664328575134,99328
339.4556882381439,99584
340.14513874053955,99840
340.87216091156006,100096
341.5495343208313,100352
342.24023938179016,100608
343.53792119026184,100864
344.2226176261902,101120
344.9191312789917,101376
345.60580015182495,101632
346.30007910728455,101888
346.98559641838074,102144
347.67553782463074,102400
348.4160096645355,102656
349.1063606739044,102912
349.79523611068726,103168
350.4857096672058,103424
351.1752715110779,103680
351.8636863231659,103936
352.5516128540039,104192
353.24351358413696,104448
353.9306252002716,104704
354.6177041530609,104960
355.3337438106537,105216
356.0240249633789,105472
356.9410593509674,105728
357.6355803012848,105984
358.3204321861267,106240
359.0145833492279,106496
359.7121694087982,106752
360.39752531051636,107008
361.0867109298706,107264
361.77589678764343,107520
362.50060510635376,107776
363.1833646297455,108032
363.87088203430176,108288
364.5580892562866,108544
365.25105357170105,108800
365.9373052120209,109056
366.6238317489624,109312
367.3136410713196,109568
368.0007252693176,109824
368.91692304611206,110080
370.7444438934326,110336
371.43277406692505,110592
372.1208190917969,110848
372.81307196617126,111104
373.49949645996094,111360
374.1978666782379,111616
374.88938188552856,111872
375.5805184841156,112128
376.26464462280273,112384
376.95591282844543,112640
377.67210578918457,112896
378.36388993263245,113152
379.0528361797333,113408
379.750648021698,113664
380.4322257041931,113920
381.1309669017792,114176
381.8164978027344,114432
382.50513195991516,114688
383.6917669773102,114944
384.3809280395508,115200
385.1013035774231,115456
385.7941792011261,115712
386.4814534187317,115968
387.168577671051,116224
387.8525686264038,116480
388.551043510437,116736
389.23990416526794,116992
389.9283926486969,117248
390.6161844730377,117504
391.3075110912323,117760
392.0252778530121,118016
392.7200276851654,118272
393.41201853752136,118528
394.09975504875183,118784
394.78795766830444,119040
395.47741961479187,119296
396.4360773563385,119552
397.1355400085449,119808
397.83484292030334,120064
398.5148630142212,120320
399.25600266456604,120576
399.91322660446167,120832
400.59981966018677,121088
401.289267539978,121344
401.9843385219574,121600
402.6694710254669,121856
403.36002945899963,122112
404.05026054382324,122368
404.7401897907257,122624
405.42651772499084,122880
406.1379249095917,123136
406.8283133506775,123392
407.51616740226746,123648
408.2084279060364,123904
408.8946533203125,124160
409.81703662872314,124416
410.51112818717957,124672
411.2013273239136,124928
411.88882780075073,125184
412.57802724838257,125440
413.2904284000397,125696
413.9809787273407,125952
414.66884565353394,126208
415.3627345561981,126464
416.68405842781067,126720
417.3293273448944,126976
418.0193748474121,127232
418.70882844924927,127488
419.39989137649536,127744
420.0890827178955,128000
420.8028607368469,128256
421.49326157569885,128512
422.1820569038391,128768
422.9107940196991,129024
423.58925342559814,129280
424.2806239128113,129536
424.96872544288635,129792
425.65991711616516,130048
426.4448301792145,130304
427.13550543785095,130560
427.8530282974243,130816
428.54231357574463,131072
429.23406195640564,131328
429.9211196899414,131584
430.6073567867279,131840
431.29608726501465,132096
431.9872634410858,132352
432.6763129234314,132608
433.36562514305115,132864
434.0550603866577,133120
435.4323606491089,133376
436.7927963733673,133632
437.4936604499817,133888
438.1720824241638,134144
438.8593096733093,134400
439.5502688884735,134656
440.24032521247864,134912
440.93104910850525,135168
441.61953806877136,135424
442.3086588382721,135680
443.0152921676636,135936
443.7065005302429,136192
444.3942232131958,136448
445.0892324447632,136704
446.43143701553345,136960
448.3237144947052,137216
449.0135905742645,137472
449.71044635772705,137728
450.39802598953247,137984
451.0886037349701,138240
451.8045048713684,138496
452.5083055496216,138752
453.19672536849976,139008
453.89058017730713,139264
454.58569526672363,139520
455.2697672843933,139776
455.9614369869232,140032
456.65138268470764,140288
457.3389501571655,140544
458.02855825424194,140800
458.7399728298187,141056
459.4242100715637,141312
460.4857425689697,141568
462.5341680049896,141824
463.23115730285645,142080
463.9135031700134,142336
464.59913420677185,142592
465.3120012283325,142848
465.9911608695984,143104
466.683228969574,143360
467.40604543685913,143616
468.11496019363403,143872
468.8025393486023,144128
469.4910669326782,144384
470.1806814670563,144640
470.87469482421875,144896
471.5629653930664,145152
472.24958395957947,145408
472.93853092193604,145664
473.63042640686035,145920
474.34078550338745,146176
475.0663561820984,146432
476.1201581954956,146688
476.80755615234375,146944
477.49844574928284,147200
478.1870369911194,147456
478.87544441223145,147712
479.5769784450531,147968
480.2736749649048,148224
480.9576098918915,148480
481.6815085411072,148736
482.3780448436737,148992
483.06663608551025,149248
483.7556276321411,149504
484.4465239048004,149760
485.13771200180054,150016
485.8273437023163,150272
486.51793456077576,150528
487.21227383613586,150784
487.9141585826874,151040
488.6132206916809,151296
489.30409574508667,151552
489.9937241077423,151808
490.7991762161255,152064
491.4802567958832,152320
493.1324870586395,152576
493.8261640071869,152832
494.5163323879242,153088
495.2135736942291,153344
495.9098536968231,153600
496.62335538864136,153856
497.3181529045105,154112
498.0176639556885,154368
498.80453848838806,154624
499.501971244812,154880
500.2194302082062,155136
500.9053862094879,155392
501.59560465812683,155648
502.28905177116394,155904
502.97298073768616,156160
503.68354988098145,156416
504.3741409778595,156672
505.0639503002167,156928
506.292279958725,157184
506.9747200012207,157440
507.6726026535034,157696
508.3555521965027,157952
509.3674659729004,158208
510.0532331466675,158464
510.7402229309082,158720
511.4560673236847,158976
512.142852306366,159232
512.8339970111847,159488
513.5291168689728,159744
514.2139930725098,160000
514.9009990692139,160256
515.590654373169,160512
516.4838383197784,160768
517.1741459369659,161024
517.8619458675385,161280
518.5883083343506,161536
519.3049929141998,161792
520.0032641887665,162048
520.6880760192871,162304
521.381875038147,162560
522.0643901824951,162816
522.751650094986,163072
523.441436290741,163328
524.1285457611084,163584
524.818211555481,163840
526.1711413860321,164096
526.8647339344025,164352
527.5547544956207,164608
528.242871761322,164864
528.9348571300507,165120
529.6214520931244,165376
530.3087158203125,165632
530.9996602535248,165888
531.6894726753235,166144
532.7540547847748,166400
533.4797015190125,166656
534.1681315898895,166912
534.8582649230957,167168
535.7988982200623,167424
537.5498940944672,167680
538.2402250766754,167936
538.9351978302002,168192
539.6316475868225,168448
540.3205280303955,168704
541.0103712081909,168960
541.7258377075195,169216
542.4085721969604,169472
543.096250295639,169728
543.7884681224823,169984
544.4749822616577,170240
545.1698312759399,170496
545.8598299026489,170752
546.5496699810028,171008
547.2397854328156,171264
547.92564868927,171520
548.645224571228,171776
549.3266324996948,172032
550.9018986225128,172288
551.5720052719116,172544
552.2619123458862,172800
552.9513804912567,173056
553.634138584137,173312
554.3285222053528,173568
555.0181541442871,173824
555.7054200172424,174080
556.4184176921844,174336
557.1290352344513,174592
557.8047261238098,174848
558.4957003593445,175104
559.1883544921875,175360
559.8826358318329,175616
560.5614440441132,175872
561.2497584819794,176128
561.9378380775452,176384
562.8672275543213,176640
563.582724571228,176896
564.290365934372,177152
564.9762728214264,177408
565.67080950737,177664
566.3567686080933,177920
567.041464805603,178176
567.7309138774872,178432
568.4295206069946,178688
569.1414811611176,178944
569.8273720741272,179200
570.5277440547943,179456
571.222156047821,179712
571.9072256088257,179968
572.5973389148712,180224
573.3520460128784,180480
574.0515251159668,180736
574.7421228885651,180992
575.4296100139618,181248
576.125914812088,181504
577.722989320755,181760
578.4348149299622,182016
579.1237607002258,182272
579.8123314380646,182528
580.5060713291168,182784
581.1961693763733,183040
581.8873887062073,183296
582.5837614536285,183552
583.267172574997,183808
583.9550623893738,184064
584.6464538574219,184320
585.3623831272125,184576
586.0772612094879,184832
586.775815486908,185088
587.4566679000854,185344
588.1465981006622,185600
588.8356642723083,185856
589.5474722385406,186112
590.4441797733307,186368
591.1479802131653,186624
591.8381597995758,186880
592.5519540309906,187136
593.2416613101959,187392
593.931893825531,187648
594.62499833107,187904
595.3107919692993,188160
595.9996225833893,188416
596.6956553459167,188672
597.3777842521667,188928
598.0686235427856,189184
598.7571907043457,189440
599.474823474884,189696
600.1637573242188,189952
600.8535914421082,190208
601.5403335094452,190464
602.2334489822388,190720
602.921005487442,190976
603.6105315685272,191232
604.3154332637787,191488
605.0039169788361,191744
605.6899869441986,192000
606.4133579730988,192256
607.1041538715363,192512
607.8189027309418,192768
608.506108045578,193024
609.1950335502625,193280
609.8872547149658,193536
610.571718454361,193792
611.266770362854,194048
612.4328367710114,194304
613.1230270862579,194560
613.8431589603424,194816
614.5329413414001,195072
615.2238526344299,195328
615.9129300117493,195584
616.6023597717285,195840
617.2910718917847,196096
617.9773316383362,196352
618.6703364849091,196608
619.3577449321747,196864
620.0471725463867,197120
620.7612900733948,197376
621.4515645503998,197632
622.1409387588501,197888
622.8385052680969,198144
623.5222082138062,198400
624.2109088897705,198656
624.9017536640167,198912
625.5906345844269,199168
626.2798273563385,199424
626.9683375358582,199680
627.6910676956177,199936
628.3778755664825,200192
629.0654809474945,200448
629.7527401447296,200704
630.4416909217834,200960
631.1415362358093,201216
631.8361327648163,201472
632.5135159492493,201728
633.2024898529053,201984
633.8950841426849,202240
634.6031131744385,202496
635.2920870780945,202752
635.9819526672363,203008
636.6734607219696,203264
637.3596429824829,203520
638.047553062439,203776
638.738073348999,204032
639.4259576797485,204288
640.1178166866302,204544
641.3264322280884,204800
642.6530334949493,205056
643.3283224105835,205312
644.0213489532471,205568
644.7140724658966,205824
645.4046704769135,206080
646.0905516147614,206336
646.7867276668549,206592
647.4715850353241,206848
648.1674683094025,207104
648.8569734096527,207360
649.5699155330658,207616
650.2589559555054,207872
650.9540338516235,208128
651.6361486911774,208384
652.3229615688324,208640
653.010336637497,208896
653.7019834518433,209152
654.3926966190338,209408
655.1004521846771,209664
655.7655065059662,209920
656.479033946991,210176
657.1925525665283,210432
657.8925271034241,210688
658.57439494133,210944
659.2610409259796,211200
659.951958656311,211456
660.645081281662,211712
661.3257105350494,211968
662.0212063789368,212224
662.7070393562317,212480
663.4153137207031,212736
664.1092436313629,212992
664.7970747947693,213248
665.4914531707764,213504
666.1831450462341,213760
666.8723654747009,214016
667.5712795257568,214272
668.2522420883179,214528
668.9535346031189,214784
669.6465785503387,215040
670.4196560382843,215296
671.1149108409882,215552
671.8027186393738,215808
672.4902606010437,216064
673.182434797287,216320
673.8664543628693,216576
674.5564441680908,216832
675.243509054184,217088
675.9331066608429,217344
676.6267848014832,217600
677.3355548381805,217856
678.0253856182098,218112
678.714004278183,218368
679.4037017822266,218624
680.0983619689941,218880
680.7915542125702,219136
681.4803695678711,219392
682.1709434986115,219648
682.8581862449646,219904
683.5497982501984,220160
684.2576560974121,220416
684.9477317333221,220672
685.6362662315369,220928
686.3259201049805,221184
687.0217392444611,221440
687.7038459777832,221696
688.3979988098145,221952
689.0829558372498,222208
689.78147315979,222464
690.5220205783844,222720
691.2425498962402,222976
691.9315557479858,223232
692.6288607120514,223488
693.3153777122498,223744
694.0071778297424,224000
694.6931459903717,224256
695.3839066028595,224512
696.0754873752594,224768
696.767110824585,225024
697.4561190605164,225280
698.1642315387726,225536
698.8547110557556,225792
699.5445928573608,226048
700.7339172363281,226304
701.4387209415436,226560
702.1274425983429,226816
702.8231523036957,227072
703.506920337677,227328
704.2093026638031,227584
704.8961870670319,227840
705.6102914810181,228096
706.2974636554718,228352
707.0126080513,228608
707.6971056461334,228864
708.3875143527985,229120
709.0809960365295,229376
709.9087595939636,229632
710.5994808673859,229888
711.2877171039581,230144
711.977016210556,230400
712.6908059120178,230656
713.3803925514221,230912
714.0711786746979,231168
714.7632536888123,231424
715.4528648853302,231680
716.1382794380188,231936
716.8345949649811,232192
717.5251948833466,232448
718.2263991832733,232704
718.9164237976074,232960
719.6256587505341,233216
720.3163177967072,233472
721.0067765712738,233728
721.695848941803,233984
722.3829832077026,234240
723.1715295314789,234496
723.8631975650787,234752
724.552484035492,235008
725.2420356273651,235264
725.9290449619293,235520
726.6637914180756,235776
727.3546273708344,236032
728.0443243980408,236288
728.7333800792694,236544
729.4255938529968,236800
730.125485420227,237056
730.8179562091827,237312
731.5239291191101,237568
732.2145564556122,237824
732.9033060073853,238080
733.6140673160553,238336
734.305682182312,238592
734.9943940639496,238848
735.7686634063721,239104
736.4610373973846,239360
737.1513631343842,239616
737.8399753570557,239872
738.5282845497131,240128
739.2209630012512,240384
739.9090359210968,240640
740.6254057884216,240896
741.317289352417,241152
742.0053467750549,241408
742.6944200992584,241664
743.3834524154663,241920
744.0722618103027,242176
744.7696607112885,242432
745.6756205558777,242688
746.3702037334442,242944
747.0577375888824,243200
747.7967171669006,243456
748.4703569412231,243712
749.1591303348541,243968
749.8480417728424,244224
750.5361261367798,244480
751.2319648265839,244736
751.9191505908966,244992
752.6028065681458,245248
753.2960724830627,245504
753.9801516532898,245760
755.0666027069092,246016
755.7499508857727,246272
756.4386322498322,246528
757.1280643939972,246784
757.817544221878,247040
758.5113365650177,247296
759.2072601318359,247552
759.8838357925415,247808
760.5736832618713,248064
761.2624092102051,248320
761.9700441360474,248576
762.6654596328735,248832
763.3622665405273,249088
764.0431189537048,249344
765.4737913608551,249600
766.1676478385925,249856
766.858377456665,250112
767.5513994693756,250368
768.2381119728088,250624
768.9364156723022,250880
769.6554181575775,251136
770.3468511104584,251392
771.0366232395172,251648
771.723372220993,251904
772.4155793190002,252160
773.1038408279419,252416
773.7902724742889,252672
774.4794142246246,252928
775.1676797866821,253184
775.8635268211365,253440
776.5667357444763,253696
777.2567994594574,253952
777.9564006328583,254208
778.6529619693756,254464
779.3395030498505,254720
780.0341782569885,254976
780.7165246009827,255232
781.4085471630096,255488
782.1017501354218,255744
782.7961513996124,256000
783.5300555229187,256256
784.2042579650879,256512
784.8911316394806,256768
785.5807540416718,257024
786.2699105739594,257280
786.9634969234467,257536
787.6788442134857,257792
788.369678735733,258048
789.052976846695,258304
789.7419893741608,258560
790.4548666477203,258816
791.1454293727875,259072
791.8522112369537,259328
792.5422835350037,259584
793.2335772514343,259840
793.9229965209961,260096
794.6102342605591,260352
795.3144705295563,260608
795.9883739948273,260864
796.6782131195068,261120
797.4037845134735,261376
798.0879986286163,261632
798.7857143878937,261888
799.4703006744385,262144
800.1567256450653,262400
800.8478360176086,262656
801.544951915741,262912
802.236566066742,263168
802.9299340248108,263424
803.86030626297,263680
804.5893223285675,263936
805.2817118167877,264192
805.9608638286591,264448
806.6456782817841,264704
807.3550224304199,264960
808.057375907898,265216
808.7339451313019,265472
809.4229893684387,265728
810.1198816299438,265984
810.8118302822113,266240
811.5338759422302,266496
812.2196688652039,266752
812.9186520576477,267008
813.6084718704224,267264
814.2948379516602,267520
814.9825055599213,267776
815.6749804019928,268032
816.3598835468292,268288
817.0494108200073,268544
817.7392148971558,268800
818.4564518928528,269056
819.1450293064117,269312
820.0412821769714,269568
820.7219293117523,269824
821.411327123642,270080
822.0994203090668,270336
822.788506269455,270592
823.4772660732269,270848
824.1670036315918,271104
824.8561391830444,271360
825.5792067050934,271616
826.2680652141571,271872
826.9594576358795,272128
827.6487755775452,272384
828.3367700576782,272640
829.0253229141235,272896
830.0672478675842,273152
830.7527756690979,273408
831.4436321258545,273664
832.1491396427155,273920
832.8645951747894,274176
833.5419290065765,274432
834.2330598831177,274688
834.9239704608917,274944
835.6130886077881,275200
836.3022162914276,275456
836.9917905330658,275712
837.6805946826935,275968
838.38045835495,276224
839.7013833522797,276480
840.4187471866608,276736
841.1091094017029,276992
841.7972984313965,277248
842.4876134395599,277504
843.215959072113,277760
843.8935573101044,278016
844.5832097530365,278272
845.2727611064911,278528
845.9655809402466,278784
846.6657290458679,279040
847.382809638977,279296
848.0652520656586,279552
848.7605555057526,279808
849.9689862728119,280064
850.6576738357544,280320
851.3466000556946,280576
852.0438342094421,280832
852.7530691623688,281088
853.4318194389343,281344
854.1184875965118,281600
854.8384213447571,281856
855.530709028244,282112
856.2196607589722,282368
856.9154803752899,282624
857.6207208633423,282880
858.5253643989563,283136
859.20054936409,283392
859.8919441699982,283648
860.5800189971924,283904
861.2677767276764,284160
863.1815347671509,284416
863.8777043819427,284672
864.5694108009338,284928
865.2471871376038,285184
865.9433989524841,285440
866.6294214725494,285696
867.3215079307556,285952
868.0095024108887,286208
868.6995317935944,286464
869.3850421905518,286720
870.0954105854034,286976
870.7850711345673,287232
871.4741151332855,287488
872.1624524593353,287744
872.8596339225769,288000
873.5575296878815,288256
874.2412338256836,288512
874.924379825592,288768
875.6166317462921,289024
876.306633234024,289280
877.0120964050293,289536
877.7081348896027,289792
878.3934497833252,290048
879.0802276134491,290304
879.7710499763489,290560
880.4596860408783,290816
881.1586894989014,291072
881.8394298553467,291328
882.5255539417267,291584
883.2873792648315,291840
884.0369789600372,292096
884.7246127128601,292352
885.4342830181122,292608
886.1273469924927,292864
886.816736459732,293120
887.5059857368469,293376
888.1958711147308,293632
888.8836917877197,293888
889.5721709728241,294144
890.2615873813629,294400
890.9711112976074,294656
892.1998853683472,294912
892.8907423019409,295168
893.8228669166565,295424
894.5328557491302,295680
895.2294387817383,295936
895.9455604553223,296192
896.6305651664734,296448
897.3070118427277,296704
898.0017812252045,296960
898.7186543941498,297216
899.4090807437897,297472
900.1002652645111,297728
900.7858877182007,297984
901.4746539592743,298240
902.1658401489258,298496
902.8587815761566,298752
903.5446770191193,299008
904.2384104728699,299264
904.9208581447601,299520
905.6324524879456,299776
906.3287796974182,300032
907.0260202884674,300288
907.7119603157043,300544
908.398779630661,300800
909.1076648235321,301056
909.7831242084503,301312
910.4715578556061,301568
911.1609246730804,301824
911.8519184589386,302080
912.5795266628265,302336
913.2680835723877,302592
913.9593186378479,302848
914.6467847824097,303104
915.337733745575,303360
916.0256161689758,303616
916.7153165340424,303872
917.406042098999,304128
918.6721675395966,304384
919.4766261577606,304640
920.1905720233917,304896
920.8815331459045,305152
921.5759992599487,305408
922.2737300395966,305664
922.9540257453918,305920
923.6497421264648,306176
924.3420951366425,306432
925.0301311016083,306688
925.7160797119141,306944
926.412314414978,307200
927.1340639591217,307456
927.8181109428406,307712
928.5084791183472,307968
929.1959319114685,308224
929.8847284317017,308480
930.5710430145264,308736
931.2632820606232,308992
932.6914672851562,309248
933.3775243759155,309504
934.0664875507355,309760
934.7848300933838,310016
935.4676742553711,310272
936.1579737663269,310528
936.8468065261841,310784
937.5361182689667,311040
938.2268388271332,311296
938.9173772335052,311552
939.6072719097137,311808
940.2974951267242,312064
940.9831042289734,312320
941.6981756687164,312576
942.5307989120483,312832
943.216762304306,313088
943.9132671356201,313344
944.6091532707214,313600
945.2937605381012,313856
945.983259677887,314112
946.6824171543121,314368
947.371702671051,314624
948.0609049797058,314880
948.7676482200623,315136
949.4711599349976,315392
950.1455316543579,315648
950.8418071269989,315904
951.5235548019409,316160
952.9380528926849,316416
953.6200931072235,316672
954.3093235492706,316928
955.0153021812439,317184
955.7029113769531,317440
956.4250514507294,317696
957.1081066131592,317952
957.8043813705444,318208
958.4905350208282,318464
959.1772110462189,318720
959.8679597377777,318976
960.5548968315125,319232
961.2452392578125,319488
962.7287366390228,319744
963.4217557907104,320000
964.1458761692047,320256
964.8219285011292,320512
965.5261416435242,320768
966.2109560966492,321024
966.9079833030701,321280
967.5982122421265,321536
968.2871608734131,321792
968.9746971130371,322048
969.7203748226166,322304
970.3596177101135,322560
971.0786001682281,322816
971.7702369689941,323072
972.4595029354095,323328
973.1472115516663,323584
973.8359701633453,323840
974.5342035293579,324096
975.2157385349274,324352
976.0885908603668,324608
976.7909812927246,324864
977.4712390899658,325120
978.1853873729706,325376
978.8818044662476,325632
979.5644385814667,325888
980.2500476837158,326144
980.9349856376648,326400
981.6247594356537,326656
982.3133232593536,326912
983.0036008358002,327168
983.6956343650818,327424
984.3849623203278,327680
985.1040325164795,327936
985.7933557033539,328192
986.4792172908783,328448
987.1730978488922,328704
988.512570142746,328960
989.207822561264,329216
989.9007546901703,329472
990.6263656616211,329728
991.3099842071533,329984
992.0001509189606,330240
992.7223136425018,330496
993.4056332111359,330752
994.0911540985107,331008
994.7824835777283,331264
995.4704737663269,331520
996.1575286388397,331776
996.8470783233643,332032
997.5380873680115,332288
998.2247889041901,332544
998.9121630191803,332800
999.6255640983582,333056
1000.3329408168793,333312
1001.0210614204407,333568
1001.709502696991,333824
1002.4006066322327,334080
1003.0890061855316,334336
1003.7812247276306,334592
1004.4672544002533,334848
1005.1641802787781,335104
1005.8474314212799,335360
1006.555942773819,335616
1007.247151851654,335872
1007.9484770298004,336128
1008.6391141414642,336384
1009.3244736194611,336640
1010.0142796039581,336896
1010.7055022716522,337152
1011.3933308124542,337408
1012.0812108516693,337664
1012.769553899765,337920
1013.4842200279236,338176
1014.1766448020935,338432
1014.8661563396454,338688
1015.5678155422211,338944
1016.2634289264679,339200
1016.9458408355713,339456
1018.094076871872,339712
1018.7265787124634,339968
1019.4159688949585,340224
1020.114666223526,340480
1020.8339569568634,340736
1021.5228009223938,340992
1022.2110571861267,341248
1022.9007067680359,341504
1023.5897011756897,341760
1024.2821760177612,342016
1024.9675960540771,342272
1025.6705956459045,342528
1026.362342596054,342784
1027.0506496429443,343040
1027.7643744945526,343296
1028.4575510025024,343552
1029.1451623439789,343808
1029.8356828689575,344064
1030.538669347763,344320
1031.2275364398956,344576
1031.919602394104,344832
1032.6044142246246,345088
1033.2940964698792,345344
1033.9831347465515,345600
1034.696564912796,345856
1035.3848354816437,346112
1036.286260843277,346368
1036.9937250614166,346624
1037.7004499435425,346880
1038.3975796699524,347136
1039.092585325241,347392
1039.787369966507,347648
1040.4948213100433,347904
1041.1758170127869,348160
1041.8942523002625,348416
1042.5834500789642,348672
1043.2747967243195,348928
1043.964078426361,349184
1044.6528494358063,349440
1046.4893944263458,349696
1047.2067925930023,349952
1047.896791934967,350208
1048.5834505558014,350464
1049.2722103595734,350720
1049.9819078445435,350976
1050.6999564170837,351232
1051.3768610954285,351488
1052.0681085586548,351744
1052.7642736434937,352000
1053.4494366645813,352256
1054.1369104385376,352512
1054.8296127319336,352768
1055.5163700580597,353024
1058.320106267929,353280
1059.082556962967,353536
1059.766367673874,353792
1060.451068162918,354048
1061.1414649486542,354304
1061.8276073932648,354560
1062.5188574790955,354816
1063.2077913284302,355072
1063.8979122638702,355328
1064.5885632038116,355584
1065.273593902588,355840
1065.9984571933746,356096
1066.6941096782684,356352
1067.3821473121643,356608
1068.0718529224396,356864
1068.7596259117126,357120
1070.2080438137054,357376
1070.8991703987122,357632
1071.5973913669586,357888
1072.2808332443237,358144
1072.9762341976166,358400
1073.6983070373535,358656
1074.3889968395233,358912
1075.0795121192932,359168
1075.765986919403,359424
1076.4629077911377,359680
1077.1525301933289,359936
1077.8413391113281,360192
1078.5346043109894,360448
1079.217136144638,360704
1079.907522201538,360960
1080.6275191307068,361216
1081.3353760242462,361472
1082.037965297699,361728
1082.8204443454742,361984
1083.5142238140106,362240
1084.2126734256744,362496
1084.892273902893,362752
1085.5780487060547,363008
1086.267562866211,363264
1086.9589648246765,363520
1087.694257259369,363776
1088.3904993534088,364032
1089.0772168636322,364288
1089.7652328014374,364544
1090.452776670456,364800
1091.1412682533264,365056
1091.83522605896,365312
1092.6096818447113,365568
1093.3028812408447,365824
1093.987586736679,366080
1094.6946942806244,366336
1095.3835508823395,366592
1096.3896207809448,366848
1097.0676934719086,367104
1097.7574548721313,367360
1098.4478085041046,367616
1099.1343457698822,367872
1099.8327195644379,368128
1100.5138912200928,368384
1101.2044174671173,368640
1101.9156024456024,368896
1102.6349186897278,369152
1103.3285336494446,369408
1104.0157256126404,369664
1104.7041354179382,369920
1105.4914662837982,370176
1106.1716680526733,370432
1106.8639163970947,370688
1107.5567693710327,370944
1108.2427945137024,371200
1108.9625091552734,371456
1109.64142203331,371712
1110.3359224796295,371968
1111.021930217743,372224
1112.505024433136,372480
1113.1871695518494,372736
1113.8782970905304,372992
1114.5634298324585,373248
1115.2549560070038,373504
1116.0060453414917,373760
1116.724487066269,374016
1117.4193923473358,374272
1118.1036098003387,374528
1118.799961090088,374784
1119.4901430606842,375040
1120.189034461975,375296
1120.882690191269,375552
1121.799548625946,375808
1123.8433368206024,376064
1124.5318839550018,376320
1125.2573883533478,376576
1125.9471626281738,376832
1126.6275038719177,377088
1127.3168051242828,377344
1128.016373872757,377600
1128.7056295871735,377856
1129.3952729701996,378112
1130.0874807834625,378368
1130.7736649513245,378624
1131.4633028507233,378880
1132.1953496932983,379136
1132.8680930137634,379392
1133.5561878681183,379648
1134.2456259727478,379904
1134.9349148273468,380160
1135.6235301494598,380416
1136.7034108638763,380672
1137.404676914215,380928
1138.0937097072601,381184
1138.7825388908386,381440
1139.5024390220642,381696
1140.1907985210419,381952
1140.8847389221191,382208
1141.5666439533234,382464
1142.257939338684,382720
1142.9491646289825,382976
1143.6364936828613,383232
1144.323799610138,383488
1145.0097079277039,383744
1145.7013823986053,384000
1146.4138145446777,384256
1147.1326179504395,384512
1147.7904789447784,384768
1148.4858582019806,385024
1149.1736948490143,385280
1150.0616445541382,385536
1150.7534809112549,385792
1151.4392666816711,386048
1152.128826379776,386304
1152.9936957359314,386560
1153.7122478485107,386816
1154.4077320098877,387072
1155.1117820739746,387328
1155.7999539375305,387584
1156.491421699524,387840
1157.1744961738586,388096
1157.8691251277924,388352
1158.5587832927704,388608
1159.2541258335114,388864
1159.936306476593,389120
1160.6475369930267,389376
1161.3402738571167,389632
1162.0245933532715,389888
1163.6541378498077,390144
1164.348294019699,390400
1165.0400445461273,390656
1165.7313499450684,390912
1166.4261083602905,391168
1167.1123979091644,391424
1167.807220697403,391680
1168.5257925987244,391936
1169.2045316696167,392192
1169.8931248188019,392448
1170.5849738121033,392704
1171.2746920585632,392960
1171.9635589122772,393216
1172.6595525741577,393472
1173.3477156162262,393728
1174.0376312732697,393984
1174.7358133792877,394240
1175.4445204734802,394496
1177.2282605171204,394752
1177.9163546562195,395008
1178.6164009571075,395264
1179.305915594101,395520
1179.994879245758,395776
1180.6844046115875,396032
1181.3725247383118,396288
1182.0636513233185,396544
1182.7517611980438,396800
1183.4969635009766,397056
1184.1760954856873,397312
1184.8704369068146,397568
1185.5586800575256,397824
1186.2614307403564,398080
1186.9545683860779,398336
1187.6957247257233,398592
1188.3428881168365,398848
1189.030612230301,399104
1189.720232963562,399360
1190.7427361011505,399616
1191.4358541965485,399872
1192.124186038971,400128
1192.8231182098389,400384
1193.507387638092,400640
1194.1953999996185,400896
1194.888435602188,401152
1195.5829780101776,401408
1196.2721343040466,401664
1196.9594993591309,401920
1197.6812722682953,402176
1198.3617293834686,402432
1199.054964542389,402688
1199.8954048156738,402944
1200.5869889259338,403200
1201.2776429653168,403456
1201.9680984020233,403712
1202.6622400283813,403968
1203.4177658557892,404224
1204.0732583999634,404480
1204.808311700821,404736
1205.499873638153,404992
1206.1861250400543,405248
1206.878722667694,405504
1207.5675613880157,405760
1208.2756714820862,406016
1208.9638407230377,406272
1209.6558737754822,406528
1210.3521251678467,406784
1211.0395290851593,407040
1211.7555708885193,407296
1212.444640636444,407552
1214.1756026744843,407808
1214.8643219470978,408064
1215.5556390285492,408320
1216.2420916557312,408576
1216.9303441047668,408832
1217.6366775035858,409088
1218.334661245346,409344
1219.0255715847015,409600
1219.7480347156525,409856
1220.4321250915527,410112
1221.1256062984467,410368
1221.8200800418854,410624
1222.5116283893585,410880
1223.2057161331177,411136
1223.8819644451141,411392
1224.570871591568,411648
1225.2582321166992,411904
1227.3018765449524,412160
1228.3193893432617,412416
1229.0184617042542,412672
1229.7045710086823,412928
1230.393167257309,413184
1231.075203180313,413440
1231.7663388252258,413696
1232.4557430744171,413952
1233.142746925354,414208
1233.8341674804688,414464
1234.5267679691315,414720
1235.232633113861,414976
1235.9240336418152,415232
1236.6107909679413,415488
1237.6853239536285,415744
1238.3641967773438,416000
1239.0555276870728,416256
1239.7413747310638,416512
1240.4319846630096,416768
1241.1197352409363,417024
1241.809520483017,417280
1242.5321238040924,417536
1243.2103753089905,417792
1243.9040009975433,418048
1244.590903043747,418304
1245.2800815105438,418560
1245.9686534404755,418816
1247.9835135936737,419072
1248.6679046154022,419328
1249.3637039661407,419584
1250.055640220642,419840
1250.7637424468994,420096
1251.4575176239014,420352
1252.142404794693,420608
1252.8268444538116,420864
1253.518889427185,421120
1254.2086539268494,421376
1254.896098613739,421632
1255.5897886753082,421888
1256.2739534378052,422144
1256.9724309444427,422400
1258.4485032558441,422656
1259.7886397838593,422912
1260.484893321991,423168
1261.167652606964,423424
1261.8603937625885,423680
1262.5572986602783,423936
1263.2459409236908,424192
1263.938490152359,424448
1264.6274244785309,424704
1265.3189673423767,424960
1266.0238599777222,425216
1266.7160398960114,425472
1267.4031038284302,425728
1268.0927534103394,425984
1268.7864038944244,426240
1269.4721870422363,426496
1270.1600761413574,426752
1270.8558928966522,427008
1271.5407593250275,427264
1272.235633134842,427520
1272.9441199302673,427776
1273.6483869552612,428032
1274.3309257030487,428288
1275.014889717102,428544
1275.7075197696686,428800
1276.393299818039,429056
1277.079089164734,429312
1277.7710678577423,429568
1278.4584562778473,429824
1279.1484997272491,430080
1279.862158536911,430336
1280.5531079769135,430592
1281.2421925067902,430848
1281.9304957389832,431104
1282.6278624534607,431360
1283.317376613617,431616
1284.005168914795,431872
1284.696026802063,432128
1285.3920211791992,432384
1286.0812044143677,432640
1286.8019971847534,432896
1287.4942302703857,433152
1288.174346446991,433408
1288.8649656772614,433664
1289.5559530258179,433920
1290.2433378696442,434176
1290.932429075241,434432
1291.6208429336548,434688
1292.3095273971558,434944
1293.001297712326,435200
1293.7186715602875,435456
1294.4195671081543,435712
1295.1104135513306,435968
1295.7997846603394,436224
1296.4864859580994,436480
1297.1750812530518,436736
1297.8687064647675,436992
1298.560754776001,437248
1299.2511148452759,437504
1299.9353971481323,437760
1300.654040813446,438016
1301.351408958435,438272
1302.0340387821198,438528
1302.7213969230652,438784
1303.4075646400452,439040
1304.100135564804,439296
1304.8194150924683,439552
1305.5073947906494,439808
1306.1965465545654,440064
1306.8869726657867,440320
1307.5972578525543,440576
1308.2925498485565,440832
1308.9819269180298,441088
1309.7970941066742,441344
1310.4871697425842,441600
1311.177132844925,441856
1311.871989250183,442112
1312.591466665268,442368
1313.2720465660095,442624
1313.9605531692505,442880
1314.6800422668457,443136
1315.3688125610352,443392
1316.0702698230743,443648
1316.7479360103607,443904
1317.440946817398,444160
1318.1275799274445,444416
1318.8213031291962,444672
1319.5044317245483,444928
1321.1599214076996,445184
1321.8503127098083,445440
1322.58571600914,445696
1323.2824087142944,445952
1323.9725630283356,446208
1324.659175157547,446464
1325.3576271533966,446720
1326.0442399978638,446976
1326.7294960021973,447232
1327.423621416092,447488
1328.112497329712,447744
1328.8098030090332,448000
1329.509603023529,448256
1330.1990633010864,448512
1330.88721036911,448768
1331.5759282112122,449024
1332.279448747635,449280
1332.9664030075073,449536
1333.6463725566864,449792
1334.3366782665253,450048
1335.0259456634521,450304
1335.715160369873,450560
1336.4281566143036,450816
1337.1257572174072,451072
1337.8287093639374,451328
1338.5059833526611,451584
1339.1961362361908,451840
1339.888841867447,452096
1340.5985889434814,452352
1341.283530473709,452608
1341.971952676773,452864
1342.66433095932,453120
1343.3741092681885,453376
1344.0745255947113,453632
1344.754097700119,453888
1345.446691274643,454144
1346.1452233791351,454400
1346.828161239624,454656
1347.5122983455658,454912
1348.201651096344,455168
1348.8910830020905,455424
1349.6609897613525,455680
1350.3829517364502,455936
1351.0844876766205,456192
1351.7792286872864,456448
1352.464242696762,456704
1353.1540877819061,456960
1353.8388493061066,457216
1354.5268256664276,457472
1355.2346346378326,457728
1355.916377067566,457984
1356.6122283935547,458240
1357.3162066936493,458496
1358.0062227249146,458752
1358.694607257843,459008
1359.3820328712463,459264
1360.0679914951324,459520
1360.7676339149475,459776
1361.4591135978699,460032
1362.1446332931519,460288
1362.8367698192596,460544
1363.5646874904633,460800
1364.3030376434326,461056
1364.9940435886383,461312
1365.6805384159088,461568
1366.388925075531,461824
1367.0774176120758,462080
1367.764358997345,462336
1368.4506752490997,462592
1369.1451907157898,462848
1369.8315014839172,463104
1370.5218358039856,463360
1371.2391560077667,463616
1371.9296391010284,463872
1372.6177549362183,464128
1373.3082518577576,464384
1373.996440410614,464640
1374.6998829841614,464896
1375.3990368843079,465152
1376.086121082306,465408
1376.7761445045471,465664
1377.4691846370697,465920
1378.2299041748047,466176
1378.9188611507416,466432
1379.6114144325256,466688
1380.2982988357544,466944
1381.0023963451385,467200
1381.6908094882965,467456
1382.3905630111694,467712
1383.0790920257568,467968
1383.7671768665314,468224
1384.4540965557098,468480
1385.1733801364899,468736
1385.867826461792,468992
1386.553727388382,469248
1387.239604473114,469504
1387.928436756134,469760
1388.6193227767944,470016
1389.309707403183,470272
1389.9968118667603,470528
1390.6884381771088,470784
1391.3783547878265,471040
1392.0964529514313,471296
1392.7863659858704,471552
1393.4749674797058,471808
1394.2591803073883,472064
1394.952914237976,472320
1395.6426525115967,472576
1396.3751287460327,472832
1397.0619869232178,473088
1397.8282053470612,473344
1398.5190434455872,473600
1399.2310206890106,473856
1399.9197309017181,474112
1400.6066069602966,474368
1401.2985844612122,474624
1401.9892194271088,474880
1402.6782667636871,475136
1403.3655304908752,475392
1404.0597043037415,475648
1404.748811006546,475904
1405.4382321834564,476160
1406.5646932125092,476416
1407.2577149868011,476672
1407.9461226463318,476928
1408.6386179924011,477184
1409.3488569259644,477440
1410.0285623073578,477696
1410.7161927223206,477952
1411.4079387187958,478208
1412.0978498458862,478464
1412.7932057380676,478720
1413.5084969997406,478976
1415.0503821372986,479232
1415.726719379425,479488
1416.4157946109772,479744
1417.6327452659607,480000
1418.321557044983,480256
1418.9994473457336,480512
1419.6918251514435,480768
1420.3856601715088,481024
1421.088847875595,481280
1421.8125052452087,481536
1422.5023334026337,481792
1423.1890089511871,482048
1423.8801069259644,482304
1424.5660543441772,482560
1425.2572569847107,482816
1425.9461665153503,483072
1426.6352949142456,483328
1427.3434586524963,483584
1428.0534496307373,483840
1428.766312122345,484096
1429.4570937156677,484352
1430.3877925872803,484608
1431.0869977474213,484864
1431.777782201767,485120
1432.4709651470184,485376
1433.158002614975,485632
1433.8445000648499,485888
1434.5382237434387,486144
1435.2294018268585,486400
1435.9417977333069,486656
1436.6312170028687,486912
1437.3212492465973,487168
1438.0103077888489,487424
1438.7006130218506,487680
1439.3920724391937,487936
1440.0791528224945,488192
1441.2453241348267,488448
1441.9301958084106,488704
1442.6488056182861,488960
1443.3501091003418,489216
1444.0507581233978,489472
1444.7426879405975,489728
1445.4263978004456,489984
1446.1168360710144,490240
1446.8073561191559,490496
1447.5062386989594,490752
1448.1945855617523,491008
1448.8828463554382,491264
1449.5713267326355,491520
1450.2911901474,491776
1450.9879078865051,492032
1451.7077758312225,492288
1452.4043273925781,492544
1453.0938646793365,492800
1453.7865152359009,493056
1454.4729993343353,493312
1455.1623063087463,493568
1455.8507363796234,493824
1456.8513460159302,494080
1457.6922872066498,494336
1458.3604171276093,494592
1459.0543320178986,494848
1459.742820739746,495104
1460.4371542930603,495360
1461.1266784667969,495616
1461.8362121582031,495872
1462.523782491684,496128
1463.2005405426025,496384
1463.89275431633,496640
1464.6005365848541,496896
1465.2882809638977,497152
1465.9759261608124,497408
1466.670986175537,497664
1467.3587052822113,497920
1468.047928571701,498176
1468.7436521053314,498432
1470.02374625206,498688
1470.942477941513,498944
1471.6306264400482,499200
1472.3459544181824,499456
1473.0344498157501,499712
1473.7264239788055,499968
1474.4187734127045,500224
1475.1147332191467,500480
1475.8039541244507,500736
1476.4949226379395,500992
1477.183537721634,501248
1477.885264158249,501504
1478.5681900978088,501760
1479.2850813865662,502016
1479.9771478176117,502272
1480.6696422100067,502528
1481.3563032150269,502784
1482.0485110282898,503040
1482.7342765331268,503296
1483.4282052516937,503552
1485.4623267650604,503808
1486.15118765831,504064
1486.8980779647827,504320
1487.5850186347961,504576
1488.2724030017853,504832
1488.9860534667969,505088
1489.6731333732605,505344
1490.3737914562225,505600
1491.0638530254364,505856
1491.7490332126617,506112
1492.4416234493256,506368
1493.131817817688,506624
1493.823083639145,506880
1494.5373666286469,507136
1495.2185838222504,507392
1495.907399892807,507648
1496.5959889888763,507904
1497.291105747223,508160
1498.4400725364685,508416
1499.1287121772766,508672
1499.8255543708801,508928
1500.509789466858,509184
1501.2006032466888,509440
1501.9099979400635,509696
1502.5955483913422,509952
1503.2812592983246,510208
1503.971682548523,510464
1504.6607549190521,510720
1505.3508427143097,510976
1506.0379679203033,511232
1506.727061510086,511488
1507.4207577705383,511744
1508.12131357193,512000
1508.862595319748,512256
1509.5541024208069,512512
1510.2439315319061,512768
1510.9324259757996,513024
1511.6228818893433,513280
1512.3128633499146,513536
1513.0023090839386,513792
1513.7064275741577,514048
1514.3825495243073,514304
1515.0705721378326,514560
1515.7847547531128,514816
1516.467849969864,515072
1517.157035112381,515328
1518.1005275249481,515584
1518.8539328575134,515840
1519.5349354743958,516096
1520.2126286029816,516352
1520.9213042259216,516608
1521.6037600040436,516864
1522.2985379695892,517120
1523.0002353191376,517376
1523.702071428299,517632
1524.3799171447754,517888
1525.068924188614,518144
1525.7586014270782,518400
1527.1706945896149,518656
1528.7047455310822,518912
1529.4088292121887,519168
1530.0914425849915,519424
1530.7811856269836,519680
1531.4952852725983,519936
1532.1913194656372,520192
1532.8984053134918,520448
1533.56582736969,520704
1534.2526988983154,520960
1534.947637796402,521216
1535.631588459015,521472
1536.3266744613647,521728
1537.0149400234222,521984
1537.7032678127289,522240
1538.4177837371826,522496
1539.101571559906,522752
1539.7940781116486,523008
1540.553039073944,523264
1541.2392625808716,523520
1541.9322957992554,523776
1542.6236760616302,524032
1543.3102593421936,524288
1544.012199640274,524544
1544.7101633548737,524800
1545.4206116199493,525056
1546.1085934638977,525312
1546.8070676326752,525568
1547.4873609542847,525824
1548.1780972480774,526080
1548.8672089576721,526336
1549.5631415843964,526592
1550.2464635372162,526848
1550.940045595169,527104
1551.62948679924,527360
1552.3465023040771,527616
1553.0422916412354,527872
1553.7317259311676,528128
1555.0644886493683,528384
1555.7564623355865,528640
1556.444736480713,528896
1557.1490585803986,529152
1557.8280737400055,529408
1558.5214076042175,529664
1559.2082002162933,529920
1559.9507703781128,530176
1560.6393194198608,530432
1561.326591014862,530688
1562.0222866535187,530944
1562.7086596488953,531200
1563.399626493454,531456
1564.088502407074,531712
1564.7794914245605,531968
1565.4652466773987,532224
1566.1626167297363,532480
1566.9298269748688,532736
1567.6836562156677,532992
1568.3720622062683,533248
1569.0766949653625,533504
1569.8290071487427,533760
1570.4885511398315,534016
1571.1795032024384,534272
1571.8644864559174,534528
1572.554435491562,534784
1573.2440779209137,535040
1573.9635379314423,535296
1574.6494870185852,535552
1575.3490426540375,535808
1576.0403153896332,536064
1576.72891664505,536320
1577.4136004447937,536576
1578.102422952652,536832
1578.790281534195,537088
1579.4782359600067,537344
1580.880666255951,537600
1581.6003828048706,537856
1582.2920897006989,538112
1582.982791185379,538368
1583.6905808448792,538624
1584.3781349658966,538880
1585.0738027095795,539136
1585.7714920043945,539392
1586.4547691345215,539648
1587.1426177024841,539904
1587.832069158554,540160
1588.5447373390198,540416
1589.2312257289886,540672
1589.9221696853638,540928
1590.6106026172638,541184
1591.300273656845,541440
1591.988068819046,541696
1592.679200410843,541952
1593.3697547912598,542208
1594.3786253929138,542464
1595.0688381195068,542720
1595.8287999629974,542976
1596.5181913375854,543232
1597.2124767303467,543488
1597.8999354839325,543744
1598.5928456783295,544000
1599.2773263454437,544256
1599.9687702655792,544512
1600.6640105247498,544768
1601.345647573471,545024
1602.0339975357056,545280
1602.7386846542358,545536
1603.4283514022827,545792
1604.1225826740265,546048
1604.8080620765686,546304
1605.520450592041,546560
1606.2151453495026,546816
1607.5095314979553,547072
1608.1921694278717,547328
1608.886296749115,547584
1609.5742602348328,547840
1610.2891743183136,548096
1610.9815797805786,548352
1611.6654562950134,548608
1612.3545155525208,548864
1613.0439984798431,549120
1613.7447774410248,549376
1614.4237360954285,549632
1615.1184158325195,549888
1615.8090343475342,550144
1616.4901690483093,550400
1618.2694220542908,550656
1618.9693627357483,550912
1619.6480793952942,551168
1620.34206199646,551424
1621.0545120239258,551680
1621.7275233268738,551936
1622.4181549549103,552192
1623.107281923294,552448
1623.7993710041046,552704
1624.4913635253906,552960
1625.2152848243713,553216
1625.889490365982,553472
1626.5877442359924,553728
1627.268988609314,553984
1627.957192659378,554240
1628.645370721817,554496
1629.337099313736,554752
1630.0318462848663,555008
1631.168122291565,555264
1631.8560922145844,555520
1632.5866951942444,555776
1633.2641232013702,556032
1633.963668346405,556288
1634.644107580185,556544
1635.3385207653046,556800
1636.0194835662842,557056
1636.7157137393951,557312
1637.431735277176,557568
1638.1210927963257,557824
1638.8138670921326,558080
1639.5611777305603,558336
1640.2296154499054,558592
1640.9207999706268,558848
1641.608063697815,559104
1642.297504901886,559360
1642.9884088039398,559616
1644.206265449524,559872
1644.8953862190247,560128
1645.6164226531982,560384
1646.3089218139648,560640
1647.0219345092773,560896
1647.7174923419952,561152
1648.403885602951,561408
1649.0893144607544,561664
1649.8003692626953,561920
1650.482830286026,562176
1651.1558802127838,562432
1651.8514204025269,562688
1652.5385162830353,562944
1653.2241368293762,563200
1653.9320747852325,563456
1654.620952129364,563712
1655.3089609146118,563968
1655.9971702098846,564224
1656.6868469715118,564480
1657.667251586914,564736
1658.3554787635803,564992
1659.0434532165527,565248
1659.7323732376099,565504
1660.4311118125916,565760
1661.1401760578156,566016
1661.8260016441345,566272
1662.5169711112976,566528
1663.2044463157654,566784
1663.8945033550262,567040
1664.5833494663239,567296
1665.2725145816803,567552
1666.2938385009766,567808
1667.5787358283997,568064
1668.2665164470673,568320
1668.9897031784058,568576
1669.669835805893,568832
1670.3580000400543,569088
1671.0515174865723,569344
1671.7372026443481,569600
1672.4408457279205,569856
1673.1308960914612,570112
1673.8160741329193,570368
1674.5059678554535,570624
1675.1949870586395,570880
1675.9077343940735,571136
1676.610341310501,571392
1677.3170444965363,571648
1677.9961080551147,571904
1678.6874544620514,572160
1679.3748335838318,572416
1680.061304807663,572672
1680.7560014724731,572928
1681.4386591911316,573184
1682.130751132965,573440
1682.846415758133,573696
1684.0578100681305,573952
1684.7465643882751,574208
1685.4417912960052,574464
1686.1396050453186,574720
1687.4831457138062,574976
1688.155019044876,575232
1688.84805727005,575488
1689.536334991455,575744
1690.2247836589813,576000
1690.9363901615143,576256
1691.6522772312164,576512
1692.3191640377045,576768
1693.008934020996,577024
1693.6991291046143,577280
1694.392382144928,577536
1695.0775744915009,577792
1695.7661836147308,578048
1696.4740040302277,578304
1697.1643905639648,578560
1697.8687529563904,578816
1698.559247493744,579072
1699.250735759735,579328
1699.9357509613037,579584
1701.1629769802094,579840
1701.8462946414948,580096
1702.5412397384644,580352
1703.2432107925415,580608
1703.932959318161,580864
1704.6225831508636,581120
1705.3407282829285,581376
1706.037960767746,581632
1706.72123503685,581888
1707.410462141037,582144
1708.0997166633606,582400
1708.7887034416199,582656
1709.4810104370117,582912
1710.177888393402,583168
1710.8636713027954,583424
1711.5502598285675,583680
1712.2591757774353,583936
1712.9484136104584,584192
1714.1234991550446,584448
1714.821388721466,584704
1715.512708902359,584960
1716.2033548355103,585216
1716.8929069042206,585472
1717.5844078063965,585728
1718.2748222351074,585984
1718.9685461521149,586240
1719.6744780540466,586496
1720.366425037384,586752
1721.0606393814087,587008
1721.7482924461365,587264
1722.4334933757782,587520
1723.1218359470367,587776
1723.8080286979675,588032
1724.499268770218,588288
1725.188708782196,588544
1725.8783729076385,588800
1726.6033108234406,589056
1727.2840673923492,589312
1727.9740045070648,589568
1728.6906073093414,589824
1729.3798360824585,590080
1730.0937871932983,590336
1730.7853140830994,590592
1731.4720606803894,590848
1732.156198501587,591104
1732.847179889679,591360
1733.6372628211975,591616
1734.2953505516052,591872
1734.985962152481,592128
1735.6718006134033,592384
1736.3624737262726,592640
1737.05278134346,592896
1737.7402274608612,593152
1738.429695367813,593408
1739.2857966423035,593664
1740.112284898758,593920
1740.8307416439056,594176
1741.5456111431122,594432
1742.24870967865,594688
1743.0153722763062,594944
1743.8733551502228,595200
1744.512577533722,595456
1745.204586982727,595712
1745.8961772918701,595968
1746.5821475982666,596224
1747.2730083465576,596480
1748.016689300537,596736
1748.7071676254272,596992
1749.3935174942017,597248
1750.0879344940186,597504
1750.7725849151611,597760
1751.4617853164673,598016
1752.3023948669434,598272
1753.000179052353,598528
1753.6922707557678,598784
1754.381663799286,599040
1755.1259791851044,599296
1755.8118011951447,599552
1756.5024030208588,599808
1757.190544128418,600064
1757.8920047283173,600320
1758.580265045166,600576
1759.29279088974,600832
1759.9610056877136,601088
1760.6511707305908,601344
1761.3396265506744,601600
1762.3029534816742,601856
1763.743320465088,602112
1764.4543266296387,602368
1765.1292791366577,602624
1765.812092781067,602880
1766.5025987625122,603136
1767.19651222229,603392
1767.8840165138245,603648
1768.5706157684326,603904
1769.2561728954315,604160
1769.965280532837,604416
1770.6591942310333,604672
1771.3447313308716,604928
1772.0409121513367,605184
1773.0912992954254,605440
1773.7899241447449,605696
1774.4663257598877,605952
1775.1675188541412,606208
1775.85329413414,606464
1776.545500278473,606720
1777.2620630264282,606976
1777.9526281356812,607232
1778.639389038086,607488
1779.3398582935333,607744
1780.0289828777313,608000
1780.7185416221619,608256
1781.4080193042755,608512
1783.4269285202026,608768
1784.7089595794678,609024
1785.3956711292267,609280
1786.1215026378632,609536
1786.801284313202,609792
1787.4936590194702,610048
1788.1863589286804,610304
1788.8699300289154,610560
1789.5663833618164,610816
1790.2756187915802,611072
1790.9581544399261,611328
1791.6424033641815,611584
1792.3305034637451,611840
1793.0468134880066,612096
1793.7372572422028,612352
1794.4413540363312,612608
1795.1262109279633,612864
1795.8136575222015,613120
1796.5025174617767,613376
1797.1891794204712,613632
1798.5078558921814,613888
1799.208580493927,614144
1799.8830766677856,614400
1800.6027374267578,614656
1801.3123896121979,614912
1801.9969630241394,615168
1802.6835525035858,615424
1803.3748004436493,615680
1804.0641939640045,615936
1804.750631570816,616192
1805.4407382011414,616448
1806.1355330944061,616704
1806.8224122524261,616960
1807.5337498188019,617216
1808.2230825424194,617472
1808.9125809669495,617728
1809.599894285202,617984
1810.3163993358612,618240
1811.0026993751526,618496
1811.7029855251312,618752
1812.3928174972534,619008
1813.0882065296173,619264
1813.7721400260925,619520
1814.4844465255737,619776
1815.1765806674957,620032
1815.879406452179,620288
1816.5687141418457,620544
1817.2632009983063,620800
1817.952540397644,621056
1818.641340970993,621312
1819.3290603160858,621568
1820.0184814929962,621824
1820.7901384830475,622080
1821.4224410057068,622336
1822.1165888309479,622592
1822.8009340763092,622848
1823.8607494831085,623104
1824.5441026687622,623360
1825.2405314445496,623616
1825.9305074214935,623872
1826.6118655204773,624128
1827.328310251236,624384
1828.0123884677887,624640
1828.7322652339935,624896
1829.4352812767029,625152
1830.1309773921967,625408
1830.8158013820648,625664
1831.5053119659424,625920
1832.1904544830322,626176
1832.882075548172,626432
1833.5709719657898,626688
1834.2591743469238,626944
1834.9489846229553,627200
1835.6620082855225,627456
1836.3509259223938,627712
1837.886414527893,627968
1838.5775654315948,628224
1839.2633962631226,628480
1839.9513945579529,628736
1840.6522557735443,628992
1841.3402616977692,629248
1842.0358028411865,629504
1842.721779346466,629760
1843.4337244033813,630016
1844.1215262413025,630272
1844.814058303833,630528
1845.5025703907013,630784
1846.2502143383026,631040
1846.8828930854797,631296
1847.570313692093,631552
1848.2576406002045,631808
1848.9512121677399,632064
1849.634423494339,632320
1850.3630902767181,632576
1851.0469629764557,632832
1851.7551155090332,633088
1852.445663690567,633344
1853.138067483902,633600
1853.8220517635345,633856
1854.5101268291473,634112
1855.202918291092,634368
1856.1786739826202,634624
1856.9237954616547,634880
1857.6326053142548,635136
1858.3206996917725,635392
1859.0076282024384,635648
1859.6984004974365,635904
1860.396808385849,636160
1861.0912256240845,636416
1861.8206276893616,636672
1862.505136013031,636928
1863.4358644485474,637184
1864.1258368492126,637440
1864.851999282837,637696
1865.540861606598,637952
1867.2383959293365,638208
1868.0057637691498,638464
1868.6965155601501,638720
1869.4042658805847,638976
1870.0962302684784,639232
1870.777508020401,639488
1871.4658451080322,639744
1872.155391216278,640000
1872.8950011730194,640256
1873.585699558258,640512
1874.2742915153503,640768
1874.9641511440277,641024
1875.6576900482178,641280
1876.3431236743927,641536
1877.0333454608917,641792
1877.722892522812,642048
1878.4116411209106,642304
1879.10058927536,642560
1880.3478393554688,642816
1881.0332634449005,643072
1881.7225496768951,643328
1882.4251742362976,643584
1883.107997894287,643840
1883.828341960907,644096
1884.5178349018097,644352
1885.2204596996307,644608
1885.8991980552673,644864
1886.6121397018433,645120
1887.3577675819397,645376
1888.0212488174438,645632
1888.72230052948,645888
1889.4141774177551,646144
1890.1026883125305,646400
1890.7884998321533,646656
1891.481469631195,646912
1892.1671302318573,647168
1892.8766028881073,647424
1893.5688574314117,647680
1894.2844932079315,647936
1894.972826719284,648192
1895.66335272789,648448
1896.3540875911713,648704
1897.0436577796936,648960
1897.7315754890442,649216
1898.4202020168304,649472
1899.1091361045837,649728
1899.797494649887,649984
1900.4913988113403,650240
1901.2064807415009,650496
1901.898115158081,650752
1902.5865306854248,651008
1903.2756295204163,651264
1903.9654421806335,651520
1904.6529445648193,651776
1905.3436486721039,652032
1906.5862429141998,652288
1907.3331294059753,652544
1908.0501608848572,652800
1908.7693836688995,653056
1909.4554178714752,653312
1910.1467702388763,653568
1910.8358991146088,653824
1911.5255613327026,654080
1912.2190663814545,654336
1912.9122877120972,654592
1913.6060674190521,654848
1914.2881999015808,655104
1914.9727959632874,655360
1916.8520140647888,655616
1917.540697336197,655872
1918.2372512817383,656128
1918.9238805770874,656384
1919.6105046272278,656640
1920.29985165596,656896
1920.9930174350739,657152
1921.6819398403168,657408
1922.3716261386871,657664
1923.0597131252289,657920
1923.7753484249115,658176
1924.4636573791504,658432
1925.1567597389221,658688
1925.8445250988007,658944
1926.7784759998322,659200
1927.4651968479156,659456
1928.1640858650208,659712
1928.852430820465,659968
1929.5458493232727,660224
1930.233246088028,660480
1930.9445161819458,660736
1931.6327135562897,660992
1932.322431087494,661248
1933.0122532844543,661504
1933.7068672180176,661760
1934.388527393341,662016
1935.0825865268707,662272
1935.7677066326141,662528
1936.5956225395203,662784
1937.433625459671,663040
1938.1527755260468,663296
1938.8465356826782,663552
1939.5362176895142,663808
1940.226019859314,664064
1940.9141986370087,664320
1941.603562116623,664576
1942.2930545806885,664832
1942.9815175533295,665088
1943.6749396324158,665344
1944.3596069812775,665600
1945.0774047374725,665856
1945.7650077342987,666112
1947.8559367656708,666368
1948.7008974552155,666624
1949.3897099494934,666880
1950.078628540039,667136
1950.766044139862,667392
1951.4574019908905,667648
1952.1464142799377,667904
1952.8354728221893,668160
1953.5491964817047,668416
1954.2441437244415,668672
1954.9364306926727,668928
1955.622000694275,669184
1956.3169541358948,669440
1957.003381729126,669696
1957.6933970451355,669952
1958.3866548538208,670208
1959.0708997249603,670464
1959.7582230567932,670720
1961.5312023162842,670976
1962.2193961143494,671232
1962.9370925426483,671488
1963.6766982078552,671744
1964.4398078918457,672000
1965.0709459781647,672256
1965.7600133419037,672512
1966.447203874588,672768
1967.1398916244507,673024
1967.831405878067,673280
1968.5446772575378,673536
1969.236322402954,673792
1969.929396390915,674048
1970.6168072223663,674304
1971.310676574707,674560
1971.9993379116058,674816
1972.688283443451,675072
1973.3782818317413,675328
1974.7155158519745,675584
1975.4039959907532,675840
1976.1260659694672,676096
1976.8185613155365,676352
1977.5033626556396,676608
1978.1944103240967,676864
1978.878189086914,677120
1979.5778448581696,677376
1980.274602651596,677632
1980.965850353241,677888
1981.6567997932434,678144
1982.3423504829407,678400
1983.0603935718536,678656
1983.747041940689,678912
1984.4373247623444,679168
1985.1377153396606,679424
1985.8248226642609,679680
1986.5179452896118,679936
1987.1993763446808,680192
1987.9067080020905,680448
1988.5906164646149,680704
1989.2841184139252,680960
1990.0060720443726,681216
1990.6954352855682,681472
1991.3732995986938,681728
1992.0651805400848,681984
1992.7530839443207,682240
1993.445131778717,682496
1994.1443526744843,682752
1994.8333067893982,683008
1995.673490524292,683264
1996.3638496398926,683520
1997.0823872089386,683776
1997.8392202854156,684032
1998.530387878418,684288
1999.2260773181915,684544
1999.9139649868011,684800
2000.610253572464,685056
2001.2966630458832,685312
2001.9799630641937,685568
2002.6705601215363,685824
2003.3595690727234,686080
2004.0786411762238,686336
2004.758031129837,686592
2005.4501085281372,686848
2006.1383702754974,687104
2006.8368470668793,687360
2007.517127275467,687616
2008.2039821147919,687872
2008.8947505950928,688128
2009.585363149643,688384
2010.2795104980469,688640
2011.6863939762115,688896
2012.3751711845398,689152
2013.068298816681,689408
2013.7538635730743,689664
2014.82097530365,689920
2015.5258059501648,690176
2016.2491297721863,690432
2016.9192824363708,690688
2017.6065557003021,690944
2018.2960560321808,691200
2019.0014896392822,691456
2019.6883935928345,691712
2020.3809757232666,691968
2021.1234457492828,692224
2021.798365354538,692480
2022.5267128944397,692736
2023.2145731449127,692992
2023.9043679237366,693248
2024.593997478485,693504
2025.2854685783386,693760
2025.993896484375,694016
2026.6837968826294,694272
2027.7478995323181,694528
2028.4409203529358,694784
2029.131890296936,695040
2029.8228061199188,695296
2030.5084266662598,695552
2031.2052719593048,695808
2031.896065235138,696064
2032.5863041877747,696320
2033.2961494922638,696576
2033.9870977401733,696832
2034.6788363456726,697088
2035.3781008720398,697344
2036.0683915615082,697600
2036.8350358009338,697856
2037.990037202835,698112
2038.6826441287994,698368
2039.3727419376373,698624
2040.063710451126,698880
2040.788649559021,699136
2041.4777987003326,699392
2042.1546037197113,699648
2042.843317270279,699904
2043.5329332351685,700160
2044.2206342220306,700416
2044.9081847667694,700672
2045.6160633563995,700928
2046.2900953292847,701184
2047.1637003421783,701440
2048.028388738632,701696
2048.7142250537872,701952
2049.4065067768097,702208
2050.1076514720917,702464
2050.7847924232483,702720
2051.4781515598297,702976
2052.1779792308807,703232
2052.865574121475,703488
2053.554449558258,703744
2054.8418984413147,704000
2055.5550315380096,704256
2056.252534389496,704512
2057.008188009262,704768
2057.6335542201996,705024
2058.3222811222076,705280
2059.011066675186,705536
2059.7001411914825,705792
2060.3886728286743,706048
2061.078368663788,706304
2061.768843650818,706560
2062.4828503131866,706816
2063.173145055771,707072
2063.8601615428925,707328
2064.5545692443848,707584
2065.2423696517944,707840
2065.9311814308167,708096
2066.6199853420258,708352
2067.8557493686676,708608
2068.5462493896484,708864
2069.2367782592773,709120
2069.9454278945923,709376
2070.636707305908,709632
2071.325537919998,709888
2072.016747236252,710144
2072.7145099639893,710400
2073.403703212738,710656
2074.085347175598,710912
2074.7797334194183,711168
2075.4658358097076,711424
2076.1516528129578,711680
2076.8608186244965,711936
2078.365467071533,712192
2079.0675327777863,712448
2079.756012201309,712704
2080.4472818374634,712960
2081.136627435684,713216
2081.825370311737,713472
2082.5151443481445,713728
2083.2052199840546,713984
2083.8994126319885,714240
2084.609761953354,714496
2085.29949426651,714752
2085.9886298179626,715008
2086.676603078842,715264
2087.3714728355408,715520
2088.053322792053,715776
2088.752764225006,716032
2089.4372766017914,716288
2090.2988951206207,716544
2090.9880051612854,716800
2091.69975733757,717056
2092.394758939743,717312
2093.105946779251,717568
2093.801439523697,717824
2094.485763311386,718080
2095.1770236492157,718336
2095.865251302719,718592
2096.5547041893005,718848
2097.251012802124,719104
2097.9332921504974,719360
2098.665316104889,719616
2099.3403606414795,719872
2100.026980638504,720128
2101.6104407310486,720384
2102.310414791107,720640
2103.037436723709,720896
2103.7153177261353,721152
2104.432606458664,721408
2105.1152844429016,721664
2105.8033258914948,721920
2106.5245809555054,722176
2107.2154352664948,722432
2107.907273054123,722688
2108.593117952347,722944
2109.2856550216675,723200
2109.9770715236664,723456
2110.6659862995148,723712
2111.355516433716,723968
2112.0519602298737,724224
2112.7397956848145,724480
2113.4522314071655,724736
2114.164728164673,724992
2114.8540318012238,725248
2115.5553834438324,725504
2116.232272386551,725760
2116.9209702014923,726016
2117.6113665103912,726272
2118.301608324051,726528
2119.039904356003,726784
2119.7196559906006,727040
2120.4254636764526,727296
2121.119282722473,727552
2121.8075878620148,727808
2122.4932322502136,728064
2123.1838636398315,728320
2124.4900920391083,728576
2125.166114091873,728832
2125.8537855148315,729088
2126.546454191208,729344
2127.234245300293,729600
2127.9519739151,729856
2128.6413881778717,730112
2129.3377771377563,730368
2130.026396036148,730624
2130.717392683029,730880
2131.404566526413,731136
2132.09748506546,731392
2132.7937614917755,731648
2133.4712624549866,731904
2135.582446336746,732160
2136.2935218811035,732416
2136.993565797806,732672
2137.6830320358276,732928
2138.3777034282684,733184
2139.0673615932465,733440
2139.7685878276825,733696
2140.4580340385437,733952
2141.148580789566,734208
2141.8433289527893,734464
2142.5330889225006,734720
2143.243879556656,734976
2143.9558670520782,735232
2145.866068124771,735488
2146.565140247345,735744
2147.2489292621613,736000
2147.943288564682,736256
2148.634621143341,736512
2150.0781395435333,736768
2150.784000635147,737024
2151.482949733734,737280
2152.201653242111,737536
2152.8960511684418,737792
2153.5898962020874,738048
2154.271832704544,738304
2154.963695049286,738560
2155.6527926921844,738816
2156.343046426773,739072
2157.0335352420807,739328
2157.721910238266,739584
2158.419919729233,739840
2159.1268076896667,740096
2159.815497159958,740352
2160.5096900463104,740608
2161.202621459961,740864
2161.887039422989,741120
2163.063301563263,741376
2163.7521543502808,741632
2164.4475293159485,741888
2165.156506061554,742144
2165.8606703281403,742400
2166.5661923885345,742656
2167.2631435394287,742912
2167.9514558315277,743168
2168.643196105957,743424
2169.330696582794,743680
2170.0221807956696,743936
2170.723688840866,744192
2171.4104022979736,744448
2172.0985991954803,744704
2172.7877480983734,744960
2173.513995885849,745216
2174.1918680667877,745472
2174.881379365921,745728
2175.5686156749725,745984
2176.26771068573,746240
2176.9570801258087,746496
2177.648456811905,746752
2178.3377537727356,747008
2179.3155303001404,747264
2180.0053400993347,747520
2180.7137248516083,747776
2181.4073779582977,748032
2182.0973587036133,748288
2182.7976105213165,748544
2183.4889364242554,748800
2184.1771347522736,749056
2184.8767383098602,749312
2185.558985233307,749568
2186.250792980194,749824
2186.9485194683075,750080
2187.6514904499054,750336
2188.34228348732,750592
2189.783725500107,750848
2190.4824693202972,751104
2191.1675889492035,751360
2191.855209827423,751616
2192.5409276485443,751872
2193.250669002533,752128
2193.925353527069,752384
2194.6242508888245,752640
2195.330433368683,752896
2196.0236155986786,753152
2196.708701610565,753408
2197.400166273117,753664
2198.089836835861,753920
2198.7789742946625,754176
2199.463365793228,754432
2200.1604409217834,754688
2200.8519830703735,754944
2201.534419298172,755200
2202.2457950115204,755456
2202.9387073516846,755712
2203.626649618149,755968
2204.3272144794464,756224
2205.007713317871,756480
2205.6980102062225,756736
2206.3858568668365,756992
2207.0739135742188,757248
2208.848210811615,757504
2210.4373898506165,757760
2211.1718945503235,758016
2211.899902820587,758272
2212.5921156406403,758528
2213.289616584778,758784
2213.970656633377,759040
2214.6635394096375,759296
2215.3522474765778,759552
2216.0423040390015,759808
2216.775904417038,760064
2217.443171977997,760320
2218.153908729553,760576
2218.8445467948914,760832
2219.5295650959015,761088
2220.2202956676483,761344
2220.9118213653564,761600
2221.6044187545776,761856
2222.288201570511,762112
2222.9803206920624,762368
2223.6702778339386,762624
2224.3591933250427,762880
2225.0752375125885,763136
2225.764007091522,763392
2226.454272508621,763648
2227.1419389247894,763904
2227.8295035362244,764160
2228.519036769867,764416
2229.2067470550537,764672
2229.898811340332,764928
2230.5855884552,765184
2231.27485871315,765440
2232.2340359687805,765696
2233.20112156868,765952
2233.8993957042694,766208
2234.591820716858,766464
2235.277063846588,766720
2235.9646656513214,766976
2236.675541162491,767232
2237.506527662277,767488
2238.138598680496,767744
2238.826371192932,768000
2239.543126821518,768256
2240.2257874011993,768512
2240.912260055542,768768
2241.608085632324,769024
2242.294573545456,769280
2243.2925233840942,769536
2243.994748353958,769792
2244.6729254722595,770048
2245.364344358444,770304
2246.0515460968018,770560
2246.788114309311,770816
2247.476062774658,771072
2248.1641030311584,771328
2248.8630640506744,771584
2249.5471937656403,771840
2250.237920999527,772096
2250.9272589683533,772352
2251.6161892414093,772608
2253.153802394867,772864
2253.9307627677917,773120
2254.6507613658905,773376
2255.3410120010376,773632
2256.034979581833,773888
2256.7165791988373,774144
2257.408728837967,774400
2258.101874113083,774656
2258.788824558258,774912
2259.475898504257,775168
2260.1658453941345,775424
2260.8604600429535,775680
2261.5655331611633,775936
2262.255432844162,776192
2262.94588470459,776448
2263.641051054001,776704
2264.323415517807,776960
2265.0430035591125,777216
2265.733992576599,777472
2267.044232606888,777728
2267.7355942726135,777984
2268.467575073242,778240
2269.189777612686,778496
2269.87429523468,778752
2270.566253423691,779008
2271.2676017284393,779264
2271.9614894390106,779520
2272.6513600349426,779776
2273.341471672058,780032
2274.0316727161407,780288
2274.719300031662,780544
2275.41179227829,780800
2276.1454412937164,781056
2276.8358376026154,781312
2277.5242998600006,781568
2278.2126405239105,781824
2278.9149804115295,782080
2279.9551181793213,782336
2280.6556186676025,782592
2281.3376202583313,782848
2282.0343561172485,783104
2282.72350525856,783360
2283.445496082306,783616
2284.1382582187653,783872
2284.825617790222,784128
2285.523214817047,784384
2286.2117249965668,784640
2286.8983640670776,784896
2287.5963113307953,785152
2288.281770467758,785408
2289.011171579361,785664
2289.684321641922,785920
2290.4043769836426,786176
2291.1120841503143,786432
2291.7982511520386,786688
2292.486938238144,786944
2293.1743710041046,787200
2293.8643867969513,787456
2294.555479288101,787712
2295.258335828781,787968
2295.9306252002716,788224
2296.620710372925,788480
2297.3341093063354,788736
2298.0256032943726,788992
2298.714060306549,789248
2299.415587425232,789504
2300.1075053215027,789760
2300.7976241111755,790016
2301.486659526825,790272
2302.6104884147644,790528
2303.300419807434,790784
2303.9893753528595,791040
2304.8568391799927,791296
2305.5520355701447,791552
2306.234726190567,791808
2306.9257473945618,792064
2307.6166582107544,792320
2308.303861141205,792576
2308.9966521263123,792832
2309.738687992096,793088
2310.391143321991,793344
2311.078073978424,793600
2311.7955214977264,793856
2312.746078014374,794112
2313.4354586601257,794368
2314.1323640346527,794624
2314.8620822429657,794880
2315.5242302417755,795136
2316.213983297348,795392
2316.9074416160583,795648
2317.595874786377,795904
2318.3035724163055,796160
2319.0125880241394,796416
2319.699581861496,796672
2320.3901250362396,796928
2321.0753049850464,797184
2321.7674050331116,797440
2322.458121061325,797696
2323.149257659912,797952
2323.8356318473816,798208
2324.5252821445465,798464
2325.215253353119,798720
2325.9354214668274,798976
2326.623057126999,799232
2327.316007375717,799488
2328.7697370052338,799744
2330.708564519882,800000
2331.3861587047577,800256
2332.0780441761017,800512
2332.7653748989105,800768
2333.452022790909,801024
2334.147645711899,801280
2334.858780860901,801536
2335.57608962059,801792
2336.270732164383,802048
2336.9525344371796,802304
2337.6452090740204,802560
2338.3304314613342,802816
2339.0171167850494,803072
2339.7096474170685,803328
2340.39857172966,803584
2341.0875606536865,803840
2341.805675268173,804096
2342.495313167572,804352
2344.1656703948975,804608
2344.8621022701263,804864
2345.5606496334076,805120
2346.242910861969,805376
2346.9314591884613,805632
2347.6362426280975,805888
2348.3122758865356,806144
2349.001905441284,806400
2349.719045162201,806656
2350.4072399139404,806912
2351.0985836982727,807168
2351.7863957881927,807424
2352.486831665039,807680
2353.1767270565033,807936
2353.8661770820618,808192
2354.555689573288,808448
2355.2477140426636,808704
2355.9372851848602,808960
2356.6474459171295,809216
2357.345678806305,809472
2358.0528609752655,809728
2358.743821620941,809984
2359.4325523376465,810240
2360.121829032898,810496
2360.809537410736,810752
2361.5003798007965,811008
2362.196837902069,811264
2362.8998663425446,811520
2363.66291308403,811776
2364.3543050289154,812032
2365.0433597564697,812288
2365.7290387153625,812544
2366.4213342666626,812800
2367.109758615494,813056
2367.798129796982,813312
2368.4885020256042,813568
2369.172415971756,813824
2369.861844062805,814080
2370.604889392853,814336
2371.2956218719482,814592
2371.983357191086,814848
2372.6734223365784,815104
2373.3607892990112,815360
2374.0495250225067,815616
2374.737684249878,815872
2375.426774740219,816128
2376.1354484558105,816384
2376.9479343891144,816640
2377.6735141277313,816896
2378.359094619751,817152
2379.058822154999,817408
2379.754290342331,817664
2380.439388990402,817920
2381.1310176849365,818176
2381.839127063751,818432
2382.5329325199127,818688
2383.2239565849304,818944
2383.9171624183655,819200
2384.6310884952545,819456
2385.3184468746185,819712
2386.0101623535156,819968
2386.698180437088,820224
2387.3909339904785,820480
2388.080275297165,820736
2389.018131494522,820992
2389.6986095905304,821248
2390.382954597473,821504
2391.075819015503,821760
2391.79044342041,822016
2392.4737474918365,822272
2393.161198616028,822528
2393.852197408676,822784
2394.5396938323975,823040
2395.2286052703857,823296
2396.7387449741364,823552
2397.453434228897,823808
2398.143918275833,824064
2398.8460988998413,824320
2400.0475499629974,824576
2400.7445135116577,824832
2401.438308954239,825088
2402.116775035858,825344
2402.8053679466248,825600
2403.4990813732147,825856
2404.1833658218384,826112
2404.870934009552,826368
2405.561455488205,826624
2406.250114917755,826880
2406.9600217342377,827136
2407.687955379486,827392
2408.3783032894135,827648
2409.076786518097,827904
2410.4904334545135,828160
2411.181803226471,828416
2411.872353076935,828672
2412.5822472572327,828928
2413.2591469287872,829184
2413.9485733509064,829440
2414.6682193279266,829696
2415.373315811157,829952
2416.0648021698,830208
2416.7602508068085,830464
2417.442962884903,830720
2418.1637885570526,830976
2418.854344367981,831232
2419.5435662269592,831488
2420.232579469681,831744
2420.921722650528,832000
2421.6517522335052,832256
2422.3385496139526,832512
2424.0811190605164,832768
2424.7691609859467,833024
2425.4530613422394,833280
2426.1538989543915,833536
2426.843394756317,833792
2427.5241384506226,834048
2428.2299304008484,834304
2428.9165303707123,834560
2429.6381409168243,834816
2430.3326971530914,835072
2431.015191555023,835328
2431.7044026851654,835584
2432.3946702480316,835840
2433.09707903862,836096
2433.7731177806854,836352
2434.4616417884827,836608
2435.151353597641,836864
2435.8400156497955,837120
2437.030218601227,837376
2437.7207074165344,837632
2438.5862970352173,837888
2439.1458308696747,838144
2439.837413549423,838400
2440.5264444351196,838656
2441.2325763702393,838912
2441.9424891471863,839168
2442.638474225998,839424
2443.320720911026,839680
2444.11483836174,839936
2444.7927911281586,840192
2445.484590768814,840448
2446.1708920001984,840704
2446.8600749969482,840960
2447.5499823093414,841216
2448.239902973175,841472
2449.0406851768494,841728
2449.664117336273,841984
2450.4373409748077,842240
2451.1519055366516,842496
2451.8407616615295,842752
2452.529519557953,843008
2453.223674058914,843264
2453.9095079898834,843520
2454.597255706787,843776
2455.2927882671356,844032
2455.9770324230194,844288
2456.6665925979614,844544
2457.3584311008453,844800
2458.065457344055,845056
2459.306070804596,845312
2460.501795053482,845568
2461.187178134918,845824
2461.875465631485,846080
2462.5635979175568,846336
2463.2619817256927,846592
2463.950310230255,846848
2464.6988677978516,847104
2465.3878507614136,847360
2466.1080536842346,847616
2466.7936613559723,847872
2467.4842672348022,848128
2468.173357486725,848384
2468.9017372131348,848640
2469.5885815620422,848896
2470.4744613170624,849152
2471.171171426773,849408
2471.8701541423798,849664
2472.567722558975,849920
2473.2855117321014,850176
2473.967631340027,850432
2474.8422005176544,850688
2475.3471627235413,850944
2476.0359416007996,851200
2476.7264833450317,851456
2477.4131360054016,851712
2478.102266550064,851968
2478.791764497757,852224
2479.740708589554,852480
2481.57510137558,852736
2482.2648396492004,852992
2482.954177379608,853248
2483.6516828536987,853504
2484.335918903351,853760
2485.0420112609863,854016
2485.7188844680786,854272
2486.402860403061,854528
2487.090416908264,854784
2487.7791607379913,855040
2488.4885668754578,855296
2489.182241678238,855552
2489.865843772888,855808
2490.5642142295837,856064
2491.2544469833374,856320
2491.9430990219116,856576
2492.633468389511,856832
2493.327716112137,857088
2494.5146114826202,857344
2495.1866612434387,857600
2495.90517783165,857856
2496.595445871353,858112
2497.711178302765,858368
2498.3495111465454,858624
2499.035914182663,858880
2499.7409992218018,859136
2500.4396512508392,859392
2501.126742362976,859648
2501.814623117447,859904
2502.5049300193787,860160
2503.2141938209534,860416
2503.9041001796722,860672
2504.589040517807,860928
2505.2804720401764,861184
2505.9873089790344,861440
2506.6746118068695,861696
2507.364832162857,861952
2508.057188272476,862208
2508.7514386177063,862464
2509.437023639679,862720
2510.156161546707,862976
2510.8471398353577,863232
2511.5357072353363,863488
2512.2248384952545,863744
2512.9160916805267,864000
2513.6056122779846,864256
2514.293962240219,864512
2514.9866650104523,864768
2515.674864053726,865024
2516.3760225772858,865280
2517.097851037979,865536
2517.773461341858,865792
2518.463215827942,866048
2519.149725675583,866304
2519.843453168869,866560
2520.535817861557,866816
2521.2234234809875,867072
2521.9136147499084,867328
2522.6030983924866,867584
2523.3963611125946,867840
2524.1091923713684,868096
2524.8035118579865,868352
2525.487233877182,868608
2526.1800022125244,868864
2526.996580839157,869120
2527.685945034027,869376
2528.373284339905,869632
2529.0776183605194,869888
2529.7588448524475,870144
2530.454370498657,870400
2531.1564304828644,870656
2531.84641456604,870912
2532.538838148117,871168
2533.23259806633,871424
2533.919961452484,871680
2534.608378171921,871936
2535.2962810993195,872192
2537.0151052474976,872448
2538.0402517318726,872704
2538.7303817272186,872960
2539.448979616165,873216
2540.2566566467285,873472
2540.948700428009,873728
2541.6304817199707,873984
2542.3750262260437,874240
2543.0649876594543,874496
2543.7552540302277,874752
2544.4554719924927,875008
2545.1370170116425,875264
2545.852511405945,875520
2546.556413412094,875776
2547.522087097168,876032
2548.1554334163666,876288
2548.8447699546814,876544
2549.537605524063,876800
2550.22722864151,877056
2550.9246439933777,877312
2551.6129031181335,877568
2552.302500486374,877824
2553.2544841766357,878080
2553.9658102989197,878336
2554.6565568447113,878592
2555.344602584839,878848
2556.0318326950073,879104
2556.732454776764,879360
2557.4157621860504,879616
2558.100340127945,879872
2558.7937955856323,880128
2559.4885592460632,880384
2560.1738307476044,880640
2561.470658302307,880896
2562.1606817245483,881152
2562.9602937698364,881408
2563.5588343143463,881664
2564.3972527980804,881920
2565.0874729156494,882176
2565.7751955986023,882432
2566.4668202400208,882688
2567.1543641090393,882944
2567.8433010578156,883200
2568.553684234619,883456
2569.240620136261,883712
2569.9340744018555,883968
2571.3171265125275,884224
2572.0080177783966,884480
2572.6955819129944,884736
2573.4113624095917,884992
2574.098283290863,885248
2575.205231666565,885504
2575.8853509426117,885760
2576.608826637268,886016
2577.3028054237366,886272
2577.9928464889526,886528
2578.7523572444916,886784
2579.4547510147095,887040
2580.1363565921783,887296
2580.831220149994,887552
2582.490005970001,887808
2583.180668115616,888064
2583.890130519867,888320
2584.6012449264526,888576
2585.2933950424194,888832
2585.977210998535,889088
2586.670497894287,889344
2587.3748636245728,889600
2588.0679960250854,889856
2588.7624127864838,890112
2589.455140352249,890368
2590.153135538101,890624
2590.834302663803,890880
2591.5446848869324,891136
2592.2342903614044,891392
2592.923023700714,891648
2593.61643576622,891904
2594.338538169861,892160
2595.7134552001953,892416
2596.41193318367,892672
2597.130961894989,892928
2597.819095134735,893184
2598.5594985485077,893440
2599.5657386779785,893696
2600.2647767066956,893952
2600.9572463035583,894208
2601.6592061519623,894464
2602.344355583191,894720
2603.03914475441,894976
2603.7176876068115,895232
2604.434656858444,895488
2605.113072156906,895744
2605.7998943328857,896000
2606.517305612564,896256
2607.200890302658,896512
2607.88942694664,896768
2609.7479345798492,897024
2610.4230659008026,897280
2611.1160128116608,897536
2611.8056857585907,897792
2612.497965812683,898048
2613.1839113235474,898304
2613.8740689754486,898560
2614.5860919952393,898816
2615.2857472896576,899072
2615.9661779403687,899328
2616.6565849781036,899584
2617.346580028534,899840
2618.031909942627,900096
2619.567385196686,900352
2620.25918340683,900608
2620.9473328590393,900864
2621.6558952331543,901120
2622.353413105011,901376
2623.0495789051056,901632
2623.727208137512,901888
2624.4214277267456,902144
2625.1038978099823,902400
2625.7937746047974,902656
2626.4821293354034,902912
2627.177136659622,903168
2627.8661234378815,903424
2628.554737329483,903680
2630.2011063098907,903936
2630.8927896022797,904192
2631.585460424423,904448
2632.2747070789337,904704
2632.9775454998016,904960
2633.6497263908386,905216
2634.338450908661,905472
2635.029639005661,905728
2635.720012664795,905984
2636.407689332962,906240
2637.1159374713898,906496
2637.8072276115417,906752
2638.497280359268,907008
2639.1853120326996,907264
2640.128406763077,907520
2641.8475103378296,907776
2642.5391821861267,908032
2643.236151456833,908288
2643.943302154541,908544
2644.6318802833557,908800
2645.3506457805634,909056
2646.0820441246033,909312
2646.767205953598,909568
2647.4555649757385,909824
2648.1482634544373,910080
2648.8344480991364,910336
2649.5235414505005,910592
2650.211506128311,910848
2650.9031755924225,911104
2651.5935719013214,911360
2652.299653530121,911616
2652.991151332855,911872
2653.684227705002,912128
2654.383680343628,912384
2657.349588871002,912640
2658.0018525123596,912896
2658.7101550102234,913152
2659.3778710365295,913408
2660.0695898532867,913664
2660.7577550411224,913920
2661.474232196808,914176
2662.1859390735626,914432
2662.8886284828186,914688
2663.5765900611877,914944
2664.265877008438,915200
2664.954405069351,915456
2665.644914865494,915712
2666.337764978409,915968
2667.028513431549,916224
2667.7186827659607,916480
2668.433527946472,916736
2669.1228947639465,916992
2669.811597108841,917248
2670.4990935325623,917504
2671.7646811008453,917760
2672.9281899929047,918016
2673.6176614761353,918272
2674.307378053665,918528
2674.9954681396484,918784
2675.686126470566,919040
2676.4004576206207,919296
2677.087945461273,919552
2677.847521543503,919808
2680.140794277191,920064
2680.978150367737,920320
2681.6753566265106,920576
2682.367386817932,920832
2683.0548620224,921088
2683.7564833164215,921344
2684.4434604644775,921600
2685.152797460556,921856
2685.849989414215,922112
2686.5323963165283,922368
2687.2366394996643,922624
2687.9492642879486,922880
2688.640398979187,923136
2689.3267362117767,923392
2690.031081676483,923648
2691.5899107456207,923904
2692.2792270183563,924160
2693.105209350586,924416
2693.7836830615997,924672
2694.4796912670135,924928
2695.1717829704285,925184
2695.857969760895,925440
2696.5450456142426,925696
2697.232035636902,925952
2697.921341896057,926208
2698.6160113811493,926464
2699.3082370758057,926720
2700.0090017318726,926976
2700.70671415329,927232
2701.3912806510925,927488
2702.0809919834137,927744
2702.768477678299,928000
2703.652457714081,928256
2704.3107664585114,928512
2705.2243864536285,928768
2705.909389257431,929024
2706.5881493091583,929280
2707.3100407123566,929536
2708.0040957927704,929792
2708.70419716835,930048
2709.3869848251343,930304
2710.081884622574,930560
2710.7752101421356,930816
2711.4659073352814,931072
2712.153915166855,931328
2712.8414902687073,931584
2713.5310819149017,931840
2714.28049826622,932096
2714.9645853042603,932352
2715.6537535190582,932608
2716.346702337265,932864
2717.158263206482,933120
2717.852663040161,933376
2718.518645763397,933632
2719.214456796646,933888
2719.9059777259827,934144
2720.5998950004578,934400
2721.309193611145,934656
2721.9999735355377,934912
2722.6919016838074,935168
2723.3845925331116,935424
2724.0724623203278,935680
2724.7621052265167,935936
2725.4495775699615,936192
2726.1387543678284,936448
2726.82706284523,936704
2727.516319513321,936960
2728.2279794216156,937216
2728.9228870868683,937472
2729.664260149002,937728
2730.587436437607,937984
2731.284138917923,938240
2731.974274158478,938496
2732.676067829132,938752
2733.361039876938,939008
2734.050040960312,939264
2734.8419091701508,939520
2735.49955034256,939776
2736.1885182857513,940032
2736.877860069275,940288
2737.567079782486,940544
2738.2539234161377,940800
2738.9424324035645,941056
2739.630486011505,941312
2740.318872690201,941568
2741.0112862586975,941824
2741.698429107666,942080
2742.4115924835205,942336
2743.169499874115,942592
2744.9926047325134,942848
2745.666154384613,943104
2746.3530657291412,943360
2747.042801618576,943616
2747.738515853882,943872
2748.4316811561584,944128
2749.1264901161194,944384
2749.8151755332947,944640
2750.6294445991516,944896
2751.3112099170685,945152
2752.0144879817963,945408
2752.6892116069794,945664
2753.396945953369,945920
2754.0871624946594,946176
2754.7801966667175,946432
2755.4884939193726,946688
2756.1717233657837,946944
2756.862144470215,947200
2757.922479391098,947456
2758.612236261368,947712
2759.2961456775665,947968
2759.9839112758636,948224
2760.7951924800873,948480
2761.464255332947,948736
2762.149971008301,948992
2762.836091518402,949248
2763.525324344635,949504
2764.2120926380157,949760
2764.9338347911835,950016
2765.6118652820587,950272
2766.300322532654,950528
2766.994613170624,950784
2767.693496465683,951040
2768.3736214637756,951296
2769.079647064209,951552
2769.766078710556,951808
2770.4520444869995,952064
2771.2072083950043,952320
2771.8623356819153,952576
2772.552416086197,952832
2773.245661497116,953088
2773.94105219841,953344
2774.6306138038635,953600
2775.3174872398376,953856
2776.00745677948,954112
2776.6999654769897,954368
2777.3856971263885,954624
2778.0735030174255,954880
2778.7960155010223,955136
2779.4887504577637,955392
2780.177051305771,955648
2780.86687040329,955904
2781.580903530121,956160
2782.263011932373,956416
2782.9513368606567,956672
2783.6407475471497,956928
2784.3309433460236,957184
2785.0250544548035,957440
2785.7431666851044,957696
2786.427351951599,957952
2787.126715660095,958208
2787.8083624839783,958464
2788.498102426529,958720
2789.217152118683,958976
2789.8923575878143,959232
2790.6016879081726,959488
2791.2825317382812,959744
2792.120981693268,960000
2792.848299741745,960256
2793.5377571582794,960512
2794.225758075714,960768
2794.9123454093933,961024
2796.5085220336914,961280
2797.2131972312927,961536
2797.9010586738586,961792
2798.5856194496155,962048
2799.279947042465,962304
2799.9705078601837,962560
2800.684526205063,962816
2801.3763473033905,963072
2802.065549850464,963328
2802.7547578811646,963584
2803.4449417591095,963840
2804.130969285965,964096
2804.8257319927216,964352
2805.509825229645,964608
2806.2098405361176,964864
2807.4511048793793,965120
2808.170166492462,965376
2808.8523087501526,965632
2809.5418791770935,965888
2810.23393034935,966144
2810.922252893448,966400
2811.6093204021454,966656
2812.3003582954407,966912
2813.0016083717346,967168
2813.6935205459595,967424
2814.380959033966,967680
2815.0965037345886,967936
2815.7878291606903,968192
2816.4784722328186,968448
2817.168906211853,968704
2817.9023299217224,968960
2818.5639374256134,969216
2819.2516679763794,969472
2819.9572060108185,969728
2820.637045145035,969984
2821.327111721039,970240
2822.0442316532135,970496
2822.733697414398,970752
2823.4286603927612,971008
2824.1125226020813,971264
2824.802092075348,971520
2826.781306743622,971776
2827.6263630390167,972032
2828.4106369018555,972288
2829.018007993698,972544
2829.709458589554,972800
2830.418783187866,973056
2831.108044862747,973312
2831.801752090454,973568
2832.4907760620117,973824
2833.176828622818,974080
2833.8700227737427,974336
2834.57155418396,974592
2835.2664182186127,974848
2835.954252719879,975104
2836.6413650512695,975360
2837.349313735962,975616
2838.0450026988983,975872
2838.767454624176,976128
2839.433861732483,976384
2840.175407409668,976640
2840.817281961441,976896
2841.506385564804,977152
2842.201189517975,977408
2842.882148504257,977664
2843.574163913727,977920
2844.365327358246,978176
2845.059446811676,978432
2845.7475666999817,978688
2846.439409017563,978944
2847.1210403442383,979200
2847.8129189014435,979456
2848.5044889450073,979712
2849.2427792549133,979968
2849.938306093216,980224
2850.619863986969,980480
2851.3379361629486,980736
2852.033134698868,980992
2852.7280871868134,981248
2853.4210152626038,981504
2854.1090393066406,981760
2854.8216083049774,982016
2855.5091030597687,982272
2856.2060940265656,982528
2856.896748781204,982784
2857.5872509479523,983040
2858.315378665924,983296
2859.004520177841,983552
2859.6955745220184,983808
2860.388610601425,984064
2861.091097354889,984320
2861.7816467285156,984576
2862.466878414154,984832
2863.15327835083,985088
2863.839347600937,985344
2864.528997182846,985600
2865.244917869568,985856
2866.175142288208,986112
2866.8764684200287,986368
2867.5588042736053,986624
2868.2474715709686,986880
2868.936365365982,987136
2869.6255712509155,987392
2870.321245908737,987648
2871.0088131427765,987904
2871.7021305561066,988160
2872.4176304340363,988416
2873.11018037796,988672
2873.7998514175415,988928
2874.4906203746796,989184
2875.1842670440674,989440
2875.871423959732,989696
2876.566967487335,989952
2877.266891002655,990208
2877.952421426773,990464
2878.641731262207,990720
2879.353399038315,990976
2880.0407695770264,991232
2880.7379059791565,991488
2881.420770406723,991744
2882.1490292549133,992000
2882.8328301906586,992256
2883.5193586349487,992512
2884.212969303131,992768
2884.909154653549,993024
2885.5950813293457,993280
2886.3095560073853,993536
2886.999102115631,993792
2887.691069841385,994048
2888.381613254547,994304
2889.067836523056,994560
2889.7573161125183,994816
2890.4713826179504,995072
2891.1597406864166,995328
2892.0257716178894,995584
2892.7154624462128,995840
2893.4349467754364,996096
2894.1254036426544,996352
2894.812217950821,996608
2895.503293275833,996864
2896.1931109428406,997120
2896.8826014995575,997376
2897.572744846344,997632
2898.4925689697266,997888
2899.1823194026947,998144
2899.872913837433,998400
2900.5831077098846,998656
2901.3435854911804,998912
2902.0325140953064,999168
2902.7365987300873,999424
2903.417537689209,999680
2904.113461256027,999936
2904.8005743026733,1000192
2905.48890542984,1000448
2906.240086555481,1000704
2906.8914544582367,1000960
2907.600239753723,1001216
2908.5514578819275,1001472
2909.2414553165436,1001728
2909.928543329239,1001984
2910.6263344287872,1002240
2911.3075284957886,1002496
2912.0014390945435,1002752
2912.69274020195,1003008
2913.384543657303,1003264
2914.0824649333954,1003520
2914.791339635849,1003776
2915.4796934127808,1004032
2916.167097091675,1004288
2916.8709647655487,1004544
2917.5610818862915,1004800
2918.8820152282715,1005056
2919.5714943408966,1005312
2920.2697520256042,1005568
2920.9612131118774,1005824
2921.6479279994965,1006080
2922.3687081336975,1006336
2923.054358959198,1006592
2923.7428002357483,1006848
2924.431762456894,1007104
2925.581241130829,1007360
2926.2717547416687,1007616
2927.1741528511047,1007872
2928.3670251369476,1008128
2929.155779838562,1008384
2929.847998857498,1008640
2930.594250679016,1008896
2931.260715007782,1009152
2931.9638011455536,1009408
2932.68438911438,1009664
2933.371159553528,1009920
2934.062090396881,1010176
2934.748275756836,1010432
2935.438603401184,1010688
2936.1292366981506,1010944
2936.8155274391174,1011200
2937.6143350601196,1011456
2939.811726331711,1011712
2940.5031204223633,1011968
2941.1933813095093,1012224
2941.881054162979,1012480
2942.568930864334,1012736
2943.2572870254517,1012992
2943.9489085674286,1013248
2944.639745235443,1013504
2945.327737569809,1013760
2946.0652737617493,1014016
2946.756002187729,1014272
2947.4438819885254,1014528
2948.1542806625366,1014784
2948.843254804611,1015040
2950.1047732830048,1015296
2950.804708957672,1015552
2951.49360203743,1015808
2952.1855652332306,1016064
2952.8701224327087,1016320
2953.5857424736023,1016576
2954.2758359909058,1016832
2954.96892118454,1017088
2955.6534581184387,1017344
2956.342398405075,1017600
2957.0325281620026,1017856
2957.7220849990845,1018112
2958.4327096939087,1018368
2959.957622051239,1018624
2960.996798992157,1018880
2961.7112641334534,1019136
2962.4110457897186,1019392
2963.0948452949524,1019648
2963.812648296356,1019904
2964.5006375312805,1020160
2965.197967529297,1020416
2965.880107164383,1020672
2966.5716495513916,1020928
2967.2605283260345,1021184
2967.9446880817413,1021440
2968.7821340560913,1021696
2969.353865146637,1021952
2970.0478196144104,1022208
2971.7447209358215,1022464
2972.427655696869,1022720
2973.1170988082886,1022976
2973.94065117836,1023232
2974.6026570796967,1023488
2975.293390274048,1023744
2975.9834566116333,1024000
2976.7190279960632,1024256
2977.406842470169,1024512
2978.0987646579742,1024768
2978.785932302475,1025024
2979.4743518829346,1025280
2980.1632125377655,1025536
2980.8532013893127,1025792
2981.5430586338043,1026048
2982.2295656204224,1026304
2982.9199471473694,1026560
2983.629649877548,1026816
2985.2748470306396,1027072
2985.973485469818,1027328
2986.6658511161804,1027584
2987.3538315296173,1027840
2988.0428895950317,1028096
2988.7363653182983,1028352
2989.427430868149,1028608
2990.1163647174835,1028864
2990.809620141983,1029120
2991.5182831287384,1029376
2992.213668823242,1029632
2992.9019951820374,1029888
2993.589422941208,1030144
2994.2821815013885,1030400
2994.9680485725403,1030656
2995.65895819664,1030912
2996.3484778404236,1031168
2997.0494430065155,1031424
2997.731261730194,1031680
2999.041735649109,1031936
2999.72265625,1032192
3000.412088871002,1032448
3001.1122233867645,1032704
3001.7945153713226,1032960
3002.4822907447815,1033216
3003.1780734062195,1033472
3003.8809604644775,1033728
3004.566466808319,1033984
3005.256564617157,1034240
3005.973221540451,1034496
3006.6569485664368,1034752
3007.3441145420074,1035008
3008.033168554306,1035264
3008.7236590385437,1035520
3009.4188573360443,1035776
3010.1049151420593,1036032
3010.8941628932953,1036288
3011.708619117737,1036544
3012.4206590652466,1036800
3013.1159172058105,1037056
3013.807333469391,1037312
3014.500703573227,1037568
3015.2190222740173,1037824
3015.9427716732025,1038080
3016.6512591838837,1038336
3017.3400943279266,1038592
3018.026864051819,1038848
3018.7185337543488,1039104
3019.4068360328674,1039360
3020.135068178177,1039616
3020.8261861801147,1039872
3021.5151555538177,1040128
3022.208383321762,1040384
3022.896239042282,1040640
3023.612197160721,1040896
3024.3041722774506,1041152
3024.991728067398,1041408
3025.681768655777,1041664
3026.41255235672,1041920
3027.1685905456543,1042176
3027.855330467224,1042432
3028.5385026931763,1042688
3029.2279517650604,1042944
3029.915112257004,1043200
3030.608401298523,1043456
3031.3085553646088,1043712
3032.0044844150543,1043968
3032.6831872463226,1044224
3033.3764305114746,1044480
3034.0908954143524,1044736
3034.7776322364807,1044992
3035.4670135974884,1045248
3036.1642854213715,1045504
3036.8507885932922,1045760
3037.5410878658295,1046016
3038.2809553146362,1046272
3038.956926584244,1046528
3039.6692612171173,1046784
3040.3631279468536,1047040
3041.113311767578,1047296
3041.893265247345,1047552
3042.5812549591064,1047808
3043.2728493213654,1048064
3043.9600279331207,1048320
3044.6497342586517,1048576
3045.3366618156433,1048832
3047.4024529457092,1049088
3048.091886281967,1049344
3048.785236597061,1049600
3049.524801015854,1049856
3050.2101290225983,1050112
3050.8954536914825,1050368
3051.5817573070526,1050624
3052.3030195236206,1050880
3052.964563846588,1051136
3053.6582674980164,1051392
3054.350297689438,1051648
3055.0402331352234,1051904
3055.7287831306458,1052160
3056.444193840027,1052416
3057.134260892868,1052672
3058.225326538086,1052928
3058.914750814438,1053184
3059.6081850528717,1053440
3060.296971321106,1053696
3060.981139421463,1053952
3061.66845035553,1054208
3062.36248087883,1054464
3063.049371242523,1054720
3063.766207933426,1054976
3064.4552903175354,1055232
3065.1453332901,1055488
3065.834320783615,1055744
3066.524701833725,1056000
3067.2300589084625,1056256
3068.158218383789,1056512
3068.8385870456696,1056768
3069.533181667328,1057024
3070.223422765732,1057280
3070.9403867721558,1057536
3071.6292514801025,1057792
3072.319995164871,1058048
3073.069529771805,1058304
3073.7085077762604,1058560
3074.39786362648,1058816
3075.088158607483,1059072
3075.7786083221436,1059328
3077.469707250595,1059584
3078.312613248825,1059840
3079.2965450286865,1060096
3079.989352941513,1060352
3080.6771850585938,1060608
3081.3651361465454,1060864
3082.054401397705,1061120
3082.744129896164,1061376
3083.480912923813,1061632
3084.1641478538513,1061888
3084.8510298728943,1062144
3085.539386034012,1062400
3086.262679338455,1062656
3086.953909635544,1062912
3087.6435265541077,1063168
3088.333018541336,1063424
3089.020636320114,1063680
3089.7091813087463,1063936
3090.4007651805878,1064192
3091.0882971286774,1064448
3092.446696996689,1064704
3093.1475768089294,1064960
3093.8545682430267,1065216
3094.5411064624786,1065472
3095.2330017089844,1065728
3095.9244391918182,1065984
3096.6155893802643,1066240
3097.308762550354,1066496
3097.9995782375336,1066752
3098.688956260681,1067008
3099.399467945099,1067264
3100.0891437530518,1067520
3100.8048367500305,1067776
3101.4954693317413,1068032
3102.1896200180054,1068288
3102.873023033142,1068544
3103.5651688575745,1068800
3104.4395439624786,1069056
3105.3083806037903,1069312
3106.005107164383,1069568
3106.6905183792114,1069824
3107.393034219742,1070080
3108.1280841827393,1070336
3108.8028786182404,1070592
3109.4932341575623,1070848
3110.184812068939,1071104
3110.871035337448,1071360
3111.560672521591,1071616
3112.249375104904,1071872
3112.937217950821,1072128
3113.6281368732452,1072384
3114.3179004192352,1072640
3115.0379281044006,1072896
3115.720762491226,1073152
3116.409063577652,1073408
3117.101909637451,1073664
3117.8302841186523,1073920
3118.526878595352,1074176
3119.2318184375763,1074432
3119.9092445373535,1074688
3120.609453201294,1074944
3121.297875404358,1075200
3122.014568090439,1075456
3122.7076556682587,1075712
3123.401059627533,1075968
3124.08692073822,1076224
3124.7762792110443,1076480
3125.462949514389,1076736
3126.15323805809,1076992
3126.8426220417023,1077248
3127.530690908432,1077504
3128.2193541526794,1077760
3128.9391071796417,1078016
3129.6261389255524,1078272
3130.4449973106384,1078528
3131.752319097519,1078784
3132.440283536911,1079040
3133.1398496627808,1079296
3133.8226821422577,1079552
3134.5134065151215,1079808
3135.217672109604,1080064
3135.906151533127,1080320
3136.6169385910034,1080576
3137.3132152557373,1080832
3138.0002131462097,1081088
3138.697324037552,1081344
3139.3765218257904,1081600
3140.068463087082,1081856
3140.8584628105164,1082112
3141.4639298915863,1082368
3142.1571185588837,1082624
3142.8409395217896,1082880
3143.5579335689545,1083136
3144.390402317047,1083392
3145.083738565445,1083648
3145.7700271606445,1083904
3146.4587364196777,1084160
3147.147620201111,1084416
3148.5970895290375,1084672
3149.2335970401764,1084928
3149.927187681198,1085184
3150.6153285503387,1085440
3151.3881850242615,1085696
3152.0471544265747,1085952
3152.737795352936,1086208
3153.432118177414,1086464
3154.1229135990143,1086720
3154.8053829669952,1086976
3155.4943771362305,1087232
3156.188578605652,1087488
3156.9271697998047,1087744
3157.7397232055664,1088000
3158.4528510570526,1088256
3159.1380727291107,1088512
3159.827473640442,1088768
3160.5169563293457,1089024
3161.205403327942,1089280
3161.8999347686768,1089536
3162.589157104492,1089792
3163.276349544525,1090048
3163.962316274643,1090304
3164.658437013626,1090560
3165.366999387741,1090816
3166.056628227234,1091072
3166.857453584671,1091328
3167.6643311977386,1091584
3168.347091436386,1091840
3169.0291204452515,1092096
3169.731686115265,1092352
3170.4323859214783,1092608
3171.116199016571,1092864
3171.806690454483,1093120
3172.5146012306213,1093376
3173.209062576294,1093632
3173.904217481613,1093888
3174.5872485637665,1094144
3175.2870547771454,1094400
3175.9652013778687,1094656
3177.55126953125,1094912
3178.0908489227295,1095168
3178.780930995941,1095424
3179.471635580063,1095680
3180.195066213608,1095936
3180.885844707489,1096192
3181.5738520622253,1096448
3182.2635712623596,1096704
3182.9572746753693,1096960
3183.64772605896,1097216
3184.3349120616913,1097472
3185.027074813843,1097728
3185.7206032276154,1097984
3187.898556947708,1098240
3188.5745465755463,1098496
3189.2662370204926,1098752
3189.9651696681976,1099008
3190.665439605713,1099264
3191.3497366905212,1099520
3192.1391372680664,1099776
3192.822928905487,1100032
3193.511445760727,1100288
3194.2018666267395,1100544
3194.889936685562,1100800
3195.611572265625,1101056
3196.3080394268036,1101312
3197.0021483898163,1101568
3197.688324213028,1101824
3198.3960864543915,1102080
3199.0801208019257,1102336
3199.76793885231,1102592
3200.461954832077,1102848
3201.1467702388763,1103104
3201.835721731186,1103360
3202.5485122203827,1103616
3203.238718509674,1103872
3203.9866642951965,1104128
3204.674818277359,1104384
3205.3660962581635,1104640
3206.0531401634216,1104896
3206.7394013404846,1105152
3207.432065010071,1105408
3208.121601819992,1105664
3208.882724761963,1105920
3210.6873195171356,1106176
3211.383225440979,1106432
3212.066742658615,1106688
3212.76060962677,1106944
3213.4681236743927,1107200
3214.1590049266815,1107456
3214.852062225342,1107712
3215.5504903793335,1107968
3216.235171556473,1108224
3216.926773786545,1108480
3217.6384358406067,1108736
3218.330846309662,1108992
3219.021922826767,1109248
3219.7071516513824,1109504
3221.1198461055756,1109760
3222.1790206432343,1110016
3222.8690633773804,1110272
3223.5607702732086,1110528
3224.3044850826263,1110784
3224.952189207077,1111040
3225.6635892391205,1111296
3226.381500720978,1111552
3227.0589623451233,1111808
3227.753598690033,1112064
3228.4389247894287,1112320
3229.127265930176,1112576
3229.9012916088104,1112832
3230.5946645736694,1113088
3232.3643255233765,1113344
3233.7943720817566,1113600
3234.506626844406,1113856
3235.2102410793304,1114112
3235.9031772613525,1114368
3236.6011774539948,1114624
3237.285952568054,1114880
3237.972474336624,1115136
3238.661856651306,1115392
3239.3468251228333,1115648
3240.0958507061005,1115904
3240.755474090576,1116160
3241.4717462062836,1116416
3242.159563064575,1116672
3242.849282979965,1116928
3243.6411712169647,1117184
3245.592740058899,1117440
3246.316180706024,1117696
3246.9756996631622,1117952
3247.697126150131,1118208
3248.3593883514404,1118464
3249.089306116104,1118720
3249.8108320236206,1118976
3250.5539281368256,1119232
3251.239674806595,1119488
3251.927602291107,1119744
3252.6237366199493,1120000
3253.3137238025665,1120256
3254.001089334488,1120512
3254.698412179947,1120768
3255.381408214569,1121024
3256.0722193717957,1121280
3256.781373023987,1121536
3257.4801166057587,1121792
3258.370548725128,1122048
3259.0655014514923,1122304
3259.750832557678,1122560
3260.4419872760773,1122816
3261.2641530036926,1123072
3261.9574840068817,1123328
3262.64821100235,1123584
3263.3373749256134,1123840
3264.060698747635,1124096
3264.746775150299,1124352
3265.437769174576,1124608
3266.1722173690796,1124864
3266.839493751526,1125120
3267.521492242813,1125376
3268.208121061325,1125632
3268.89693069458,1125888
3269.5862052440643,1126144
3270.274930715561,1126400
3270.9912440776825,1126656
3271.691131591797,1126912
3272.3795323371887,1127168
3273.0789873600006,1127424
3273.7589299678802,1127680
3274.445524454117,1127936
3275.1357760429382,1128192
3275.825839996338,1128448
3276.6713087558746,1128704
3277.251522541046,1128960
3277.9710953235626,1129216
3278.658643722534,1129472
3279.352919816971,1129728
3280.3608911037445,1129984
3281.55495929718,1130240
3282.238401412964,1130496
3282.9236409664154,1130752
3283.617210149765,1131008
3284.310621023178,1131264
3284.998713493347,1131520
3285.710755586624,1131776
3286.4012660980225,1132032
3287.2319610118866,1132288
3287.880544900894,1132544
3288.5686118602753,1132800
3289.259460926056,1133056
3289.951290845871,1133312
3291.4136147499084,1133568
3292.3718962669373,1133824
3293.0489614009857,1134080
3293.763792037964,1134336
3294.451287984848,1134592
3295.144495487213,1134848
3295.8324930667877,1135104
3296.522210597992,1135360
3297.215863466263,1135616
3297.904708623886,1135872
3299.060361146927,1136128
3299.749043941498,1136384
3300.438224554062,1136640
3301.9109313488007,1136896
3302.901922225952,1137152
3303.5956315994263,1137408
3304.2925226688385,1137664
3304.973993062973,1137920
3305.6693460941315,1138176
3306.3599462509155,1138432
3307.0576848983765,1138688
3307.74978017807,1138944
3308.4586021900177,1139200
3309.1792554855347,1139456
3309.8784260749817,1139712
3310.5622885227203,1139968
3311.2506244182587,1140224
3311.9427330493927,1140480
3312.627793073654,1140736
3313.5433115959167,1140992
3314.2387516498566,1141248
3314.92067027092,1141504
3315.607490301132,1141760
3316.580020904541,1142016
3317.271495103836,1142272
3317.966455221176,1142528
3318.7395565509796,1142784
3319.3666009902954,1143040
3320.0611443519592,1143296
3320.742185115814,1143552
3321.433547973633,1143808
3322.121814250946,1144064
3322.816592693329,1144320
3323.535643339157,1144576
3324.2343888282776,1144832
3324.9286291599274,1145088
3325.620192050934,1145344
3326.31033039093,1145600
3326.996174812317,1145856
3327.6883430480957,1146112
3328.3789830207825,1146368
3329.0680272579193,1146624
3329.7563302516937,1146880
3330.4715497493744,1147136
3331.168451309204,1147392
3331.857548713684,1147648
3333.32057929039,1147904
3334.014232635498,1148160
3334.705097913742,1148416
3335.397996902466,1148672
3336.588262796402,1148928
3337.278697013855,1149184
3337.965030670166,1149440
3338.677644968033,1149696
3340.555783033371,1149952
3341.3838386535645,1150208
3342.073097229004,1150464
3342.762835264206,1150720
3343.451592206955,1150976
3344.149738550186,1151232
3344.911703824997,1151488
3345.5347290039062,1151744
3346.222771883011,1152000
3346.942056417465,1152256
3347.630102157593,1152512
3348.31933426857,1152768
3349.0068719387054,1153024
3349.697787284851,1153280
3350.3896028995514,1153536
3351.078340291977,1153792
3351.7702267169952,1154048
3352.460447072983,1154304
3353.1552488803864,1154560
3354.269287586212,1154816
3354.964942216873,1155072
3355.652179479599,1155328
3356.3459815979004,1155584
3357.038524389267,1155840
3357.7290868759155,1156096
3358.416654109955,1156352
3359.106460094452,1156608
3359.794487476349,1156864
3360.691333055496,1157120
3361.372124195099,1157376
3362.064197540283,1157632
3362.753811120987,1157888
3363.4432265758514,1158144
3364.1297657489777,1158400
3364.8258769512177,1158656
3365.5176045894623,1158912
3366.2487182617188,1159168
3366.9401206970215,1159424
3367.635801076889,1159680
3368.393917798996,1159936
3369.080915212631,1160192
3369.7666523456573,1160448
3370.4586408138275,1160704
3371.1915752887726,1160960
3371.8558819293976,1161216
3372.546715736389,1161472
3373.2302560806274,1161728
3373.925265789032,1161984
3374.610771179199,1162240
3375.325295448303,1162496
3376.0152220726013,1162752
3376.7049672603607,1163008
3377.3937335014343,1163264
3378.080891609192,1163520
3378.77339887619,1163776
3379.4676241874695,1164032
3380.1600437164307,1164288
3380.8474638462067,1164544
3381.593580007553,1164800
3382.2788960933685,1165056
3382.9916377067566,1165312
3383.6846907138824,1165568
3384.385995864868,1165824
3385.071014404297,1166080
3385.7639453411102,1166336
3386.463402032852,1166592
3387.194739818573,1166848
3387.891695022583,1167104
3388.5849039554596,1167360
3389.3037281036377,1167616
3389.9953668117523,1167872
3390.6837272644043,1168128
3391.380143404007,1168384
3392.2620787620544,1168640
3393.6879572868347,1168896
3394.386679172516,1169152
3395.0966114997864,1169408
3395.771518945694,1169664
3396.464952468872,1169920
3397.1783878803253,1170176
3397.868557214737,1170432
3398.558114528656,1170688
3399.2473340034485,1170944
3399.939292192459,1171200
3400.6259496212006,1171456
3401.34242272377,1171712
3402.028382062912,1171968
3402.7267305850983,1172224
3403.419513940811,1172480
3404.138849258423,1172736
3404.8224160671234,1172992
3405.531089067459,1173248
3406.8467955589294,1173504
3407.537656068802,1173760
3408.3611159324646,1174016
3409.0513660907745,1174272
3409.7364089488983,1174528
3410.444290161133,1174784
3411.1401851177216,1175040
3411.8731637001038,1175296
3412.5443048477173,1175552
3413.2725191116333,1175808
3413.942353248596,1176064
3414.629609107971,1176320
3415.3231575489044,1176576
3416.0095915794373,1176832
3416.6982424259186,1177088
3417.3882591724396,1177344
3418.0810067653656,1177600
3419.152540922165,1177856
3419.844603061676,1178112
3420.5401725769043,1178368
3421.2332441806793,1178624
3421.9214046001434,1178880
3422.606457233429,1179136
3423.3227591514587,1179392
3424.009252548218,1179648
3424.6976857185364,1179904
3425.395007610321,1180160
3426.112598657608,1180416
3426.8102474212646,1180672
3427.5190575122833,1180928
3428.2007689476013,1181184
3428.928219795227,1181440
3429.7767288684845,1181696
3430.467207431793,1181952
3431.1561901569366,1182208
3431.844284057617,1182464
3432.635841846466,1182720
3433.8280413150787,1182976
3434.5451011657715,1183232
3435.235884666443,1183488
3435.9192650318146,1183744
3436.6112053394318,1184000
3437.3073828220367,1184256
3437.995462179184,1184512
3438.684292078018,1184768
3439.386970758438,1185024
3440.068124771118,1185280
3440.7757358551025,1185536
3441.466107606888,1185792
3442.6737542152405,1186048
3443.3636333942413,1186304
3444.051977157593,1186560
3444.740441083908,1186816
3445.4292798042297,1187072
3446.116600751877,1187328
3446.810276031494,1187584
3447.5038862228394,1187840
3448.2198140621185,1188096
3448.9059302806854,1188352
3449.597584247589,1188608
3450.3006036281586,1188864
3450.982093811035,1189120
3451.670959711075,1189376
3453.475558757782,1189632
3454.434095144272,1189888
3455.336163520813,1190144
3456.001577615738,1190400
3456.710744857788,1190656
3457.4001195430756,1190912
3458.090943336487,1191168
3458.795028448105,1191424
3459.473051548004,1191680
3460.16113615036,1191936
3460.849092245102,1192192
3461.5397202968597,1192448
3462.238658428192,1192704
3462.9325761795044,1192960
3465.3185844421387,1193216
3466.1527819633484,1193472
3466.8419330120087,1193728
3467.5304045677185,1193984
3468.222451210022,1194240
3468.913287639618,1194496
3469.6000175476074,1194752
3470.2915806770325,1195008
3471.0091059207916,1195264
3471.700060606003,1195520
3472.4166786670685,1195776
3473.1106095314026,1196032
3473.7902698516846,1196288
3474.4783251285553,1196544
3475.16743016243,1196800
3475.8600690364838,1197056
3476.555126428604,1197312
3477.2378344535828,1197568
3479.165437936783,1197824
3479.8734579086304,1198080
3480.587439775467,1198336
3481.540539741516,1198592
3482.1607871055603,1198848
3482.8540036678314,1199104
3483.5487203598022,1199360
3484.235813856125,1199616
3484.929660797119,1199872
3485.617566347122,1200128
3486.305503129959,1200384
3486.991399526596,1200640
3487.704744577408,1200896
3488.3941123485565,1201152
3489.084109067917,1201408
3489.771875858307,1201664
3490.464031457901,1201920
3491.15447974205,1202176
3493.0275464057922,1202432
3493.7147727012634,1202688
3494.404453277588,1202944
3495.294588804245,1203200
3496.028124332428,1203456
3496.724341392517,1203712
3497.4091980457306,1203968
3498.1084938049316,1204224
3498.8060343265533,1204480
3499.499816417694,1204736
3500.1851975917816,1204992
3500.8755564689636,1205248
3501.561058998108,1205504
3502.395700931549,1205760
3504.8470363616943,1206016
3505.535732269287,1206272
3506.2295751571655,1206528
3506.917097568512,1206784
3507.6093351840973,1207040
3508.2979488372803,1207296
3508.9856712818146,1207552
3509.677344083786,1207808
3510.36532664299,1208064
3511.060362100601,1208320
3511.767053604126,1208576
3512.458193540573,1208832
3513.147894382477,1209088
3513.837555170059,1209344
3514.7020490169525,1209600
3515.900825023651,1209856
3516.583233833313,1210112
3517.2839727401733,1210368
3517.9895508289337,1210624
3518.675133705139,1210880
3519.3844845294952,1211136
3520.0745351314545,1211392
3520.7652530670166,1211648
3521.4536974430084,1211904
3522.154973745346,1212160
3522.836011171341,1212416
3523.5213878154755,1212672
3524.2086701393127,1212928
3525.5734856128693,1213184
3526.543904542923,1213440
3527.23934173584,1213696
3527.9264557361603,1213952
3528.6620166301727,1214208
3529.3319170475006,1214464
3530.0267045497894,1214720
3530.718816757202,1214976
3531.4146661758423,1215232
3532.098000049591,1215488
3532.7855615615845,1215744
3533.4772465229034,1216000
3534.190401315689,1216256
3535.6681571006775,1216512
3537.269365787506,1216768
3537.96275639534,1217024
3538.6597084999084,1217280
3539.344194173813,1217536
3540.032613992691,1217792
3540.7237327098846,1218048
3541.411325931549,1218304
3542.1072130203247,1218560
3542.815707921982,1218816
3543.5073535442352,1219072
3544.201827764511,1219328
3544.8866753578186,1219584
3545.572746992111,1219840
3546.2621710300446,1220096
3546.9495182037354,1220352
3547.6396865844727,1220608
3548.329271554947,1220864
3549.016199827194,1221120
3549.752836704254,1221376
3551.3731310367584,1221632
3552.0608150959015,1221888
3552.7514860630035,1222144
3553.444743156433,1222400
3554.136786222458,1222656
3554.8724110126495,1222912
3555.559084892273,1223168
3556.2615106105804,1223424
3556.943277835846,1223680
3557.649310350418,1223936
3558.3422582149506,1224192
3559.030497074127,1224448
3559.8042533397675,1224704
3560.427841901779,1224960
3561.110425233841,1225216
3561.8052971363068,1225472
3562.4941189289093,1225728
3563.1986021995544,1225984
3564.8317070007324,1226240
3565.559458255768,1226496
3566.249431848526,1226752
3566.936373949051,1227008
3568.1797502040863,1227264
3568.817720413208,1227520
3569.5062115192413,1227776
3570.6340594291687,1228032
3571.2231357097626,1228288
3571.911188364029,1228544
3572.6029119491577,1228800
3573.3141009807587,1229056
3574.005176782608,1229312
3574.6983613967896,1229568
3575.387153863907,1229824
3576.0759394168854,1230080
3576.7655045986176,1230336
3577.4941897392273,1230592
3578.184896469116,1230848
3578.875851392746,1231104
3579.5692052841187,1231360
3580.2876205444336,1231616
3580.991681575775,1231872
3581.68280005455,1232128
3582.3632254600525,1232384
3583.0551569461823,1232640
3583.748281955719,1232896
3584.433873653412,1233152
3585.121690750122,1233408
3585.815769433975,1233664
3586.5077252388,1233920
3587.7151939868927,1234176
3589.3415780067444,1234432
3590.0404105186462,1234688
3590.7450997829437,1234944
3591.647480726242,1235200
3592.326806783676,1235456
3593.0068814754486,1235712
3593.694800376892,1235968
3594.3834159374237,1236224
3595.0726113319397,1236480
3595.7881660461426,1236736
3596.478060722351,1236992
3597.1677663326263,1237248
3597.8560643196106,1237504
3598.5435831546783,1237760
3599.5530121326447,1238016
3600.255185365677,1238272
3600.9371376037598,1238528
3601.662832260132,1238784
3602.3567123413086,1239040
3603.0672936439514,1239296
3603.761978626251,1239552
3604.4544429779053,1239808
3605.138679742813,1240064
3605.8274104595184,1240320
3606.5167989730835,1240576
3608.380438566208,1240832
3609.929766178131,1241088
3610.622138977051,1241344
3611.3112540245056,1241600
3612.0276460647583,1241856
3612.729466199875,1242112
3613.405178308487,1242368
3614.0980401039124,1242624
3614.7820563316345,1242880
3615.4707691669464,1243136
3616.161901473999,1243392
3616.849052429199,1243648
3617.7432868480682,1243904
3618.3170323371887,1244160
3619.727687358856,1244416
3620.997493982315,1244672
3621.688819169998,1244928
3622.3845674991608,1245184
3623.1171011924744,1245440
3623.806167125702,1245696
3624.5064146518707,1245952
3625.1913607120514,1246208
3625.8803572654724,1246464
3626.5686373710632,1246720
3627.281715154648,1246976
3628.0577437877655,1247232
3628.6591210365295,1247488
3629.3479421138763,1247744
3631.764791727066,1248000
3632.458624124527,1248256
3633.149995803833,1248512
3633.8444957733154,1248768
3634.538922548294,1249024
3635.2301092147827,1249280
3635.9508254528046,1249536
3636.641733646393,1249792
3637.328289270401,1250048
3638.019934654236,1250304
3638.7139930725098,1250560
3639.4040520191193,1250816
3640.0979812145233,1251072
3640.7853152751923,1251328
3642.9844398498535,1251584
3644.4235157966614,1251840
3645.1317269802094,1252096
3645.8263051509857,1252352
3646.5182523727417,1252608
3647.2178361415863,1252864
3647.9056549072266,1253120
3648.602817296982,1253376
3649.3311772346497,1253632
3650.01517701149,1253888
3650.703166246414,1254144
3651.393660068512,1254400
3652.11088180542,1254656
3652.8013780117035,1254912
3653.576178789139,1255168
3655.591970682144,1255424
3656.2809216976166,1255680
3656.983521461487,1255936
3657.6649730205536,1256192
3658.3722965717316,1256448
3659.06951212883,1256704
3659.8314764499664,1256960
3660.561551094055,1257216
3661.250893831253,1257472
3661.9468669891357,1257728
3662.6345241069794,1257984
3663.3770196437836,1258240
3664.048539876938,1258496
3664.7392163276672,1258752
3665.427589893341,1259008
3666.115697622299,1259264
3666.804844856262,1259520
3667.5237698554993,1259776
3668.8928043842316,1260032
3669.586557865143,1260288
3670.281955718994,1260544
3670.972259759903,1260800
3671.663033723831,1261056
3672.350925922394,1261312
3673.0428960323334,1261568
3673.7312054634094,1261824
3674.4256336688995,1262080
3675.126449584961,1262336
3675.8161890506744,1262592
3676.504796266556,1262848
3677.19433259964,1263104
3678.908437728882,1263360
3679.602770090103,1263616
3680.283888578415,1263872
3681.0599312782288,1264128
3681.7498891353607,1264384
3682.443257331848,1264640
3683.1598427295685,1264896
3683.85698390007,1265152
3684.5469872951508,1265408
3685.2285368442535,1265664
3686.0305292606354,1265920
3686.6461079120636,1266176
3687.340958595276,1266432
3688.026212453842,1266688
3689.8931868076324,1266944
3691.366475582123,1267200
3692.092007637024,1267456
3692.7872891426086,1267712
3693.4764399528503,1267968
3694.1626081466675,1268224
3694.8594422340393,1268480
3695.546071767807,1268736
3696.2354824543,1268992
3696.924563884735,1269248
3697.612823486328,1269504
3698.302654504776,1269760
3699.019600391388,1270016
3699.712252140045,1270272
3700.786732196808,1270528
3702.974454164505,1270784
3703.669091939926,1271040
3704.3835954666138,1271296
3705.0523591041565,1271552
3705.7558748722076,1271808
3706.429656982422,1272064
3707.151174545288,1272320
3707.866969347,1272576
3708.553986787796,1272832
3709.246767282486,1273088
3709.9504311084747,1273344
3710.6295623779297,1273600
3711.3184661865234,1273856
3712.0076761245728,1274112
3712.705893754959,1274368
3713.395283937454,1274624
3714.0847578048706,1274880
3714.793752670288,1275136
3716.0105922222137,1275392
3716.7008113861084,1275648
3717.5140113830566,1275904
3718.1972494125366,1276160
3718.885956764221,1276416
3719.5809094905853,1276672
3720.263916492462,1276928
3720.9608483314514,1277184
3721.6400394439697,1277440
3722.3503456115723,1277696
3723.0506296157837,1277952
3723.737988948822,1278208
3724.423812866211,1278464
3725.1115090847015,1278720
3725.799584388733,1278976
3726.4916853904724,1279232
3727.179077386856,1279488
3729.4501078128815,1279744
3730.3611419200897,1280000
3731.07240319252,1280256
3731.7566256523132,1280512
3732.443440914154,1280768
3733.135226249695,1281024
3734.1471695899963,1281167
