time_from_start,number_of_rows_finished
0,0
8.235521078109741,256
9.220557451248169,512
10.161047458648682,768
10.939002990722656,1024
11.719630002975464,1280
12.507753610610962,1536
13.288445234298706,1792
14.0695059299469,2048
14.847748517990112,2304
15.625348567962646,2560
16.40974259376526,2816
17.189690828323364,3072
17.98576831817627,3328
18.765795946121216,3584
19.54567837715149,3840
20.324687004089355,4096
21.102713346481323,4352
21.88607430458069,4608
22.664616107940674,4864
23.44307780265808,5120
24.222506284713745,5376
24.99515700340271,5632
25.773260354995728,5888
26.557565450668335,6144
27.33457326889038,6400
28.110759496688843,6656
28.887309074401855,6912
29.66896343231201,7168
30.449817895889282,7424
31.23590922355652,7680
32.019779205322266,7936
32.799911975860596,8192
33.57939553260803,8448
34.35912799835205,8704
35.13683319091797,8960
35.916118144989014,9216
36.69369649887085,9472
37.47315454483032,9728
38.25275421142578,9984
39.03922700881958,10240
39.81653046607971,10496
40.59646272659302,10752
41.37415957450867,11008
42.15569996833801,11264
42.93877577781677,11520
43.718031883239746,11776
44.497056007385254,12032
45.28716683387756,12288
46.06475496292114,12544
46.85000038146973,12800
47.628313064575195,13056
48.40485596656799,13312
49.18863368034363,13568
49.96826362609863,13824
50.755455493927,14080
51.5367968082428,14336
52.31987452507019,14592
53.0954909324646,14848
53.8908531665802,15104
54.66757869720459,15360
55.44210147857666,15616
56.223339319229126,15872
57.01003885269165,16128
57.78686261177063,16384
58.566256523132324,16640
59.34356069564819,16896
60.12055015563965,17152
60.89760208129883,17408
61.67445135116577,17664
62.462109327316284,17920
63.241148471832275,18176
64.03164339065552,18432
64.80863642692566,18688
65.58765530586243,18944
66.36980128288269,19200
67.14860224723816,19456
67.93097448348999,19712
68.71217846870422,19968
69.48834133148193,20224
70.26777648925781,20480
71.04527544975281,20736
71.82356476783752,20992
72.60709238052368,21248
73.39115309715271,21504
74.17177772521973,21760
74.94965648651123,22016
75.73057246208191,22272
76.51042056083679,22528
77.28850531578064,22784
78.06368899345398,23040
78.83985948562622,23296
79.61626100540161,23552
80.40806651115417,23808
81.18889331817627,24064
81.96756839752197,24320
82.75332164764404,24576
83.53319263458252,24832
84.31206035614014,25088
85.09232759475708,25344
85.88252186775208,25600
86.66331911087036,25856
87.4448173046112,26112
88.22526288032532,26368
89.00557136535645,26624
89.78836274147034,26880
90.57418489456177,27136
91.35311245918274,27392
92.1385862827301,27648
92.92374277114868,27904
93.71897912025452,28160
94.49590468406677,28416
95.27314710617065,28672
96.05500030517578,28928
96.8355655670166,29184
97.61505794525146,29440
98.39706349372864,29696
99.17726373672485,29952
99.95266461372375,30208
100.731032371521,30464
101.5119400024414,30720
102.28841805458069,30976
103.06486463546753,31232
103.84619808197021,31488
104.6236219406128,31744
105.4046356678009,32000
106.1943473815918,32256
106.97576594352722,32512
107.75245714187622,32768
108.53773355484009,33024
109.31345081329346,33280
110.09013605117798,33536
110.86613988876343,33792
111.64172315597534,34048
112.4221031665802,34304
113.20021152496338,34560
113.98232889175415,34816
114.76106071472168,35072
115.5394606590271,35328
116.32530069351196,35584
117.10471057891846,35840
117.88728070259094,36096
118.6696445941925,36352
119.46170997619629,36608
120.23991823196411,36864
121.02661156654358,37120
121.82704091072083,37376
122.62286472320557,37632
123.39946937561035,37888
124.1781120300293,38144
124.95851421356201,38400
125.74450635910034,38656
126.52853298187256,38912
127.30809187889099,39168
128.08538341522217,39424
128.86559510231018,39680
129.64890551567078,39936
130.42513847351074,40192
131.20915293693542,40448
131.99720191955566,40704
132.79087853431702,40960
133.57612800598145,41216
134.366943359375,41472
135.15349411964417,41728
135.93470454216003,41984
136.71509742736816,42240
137.4998013973236,42496
138.2795865535736,42752
139.06055235862732,43008
139.84009289741516,43264
140.61807298660278,43520
141.40373849868774,43776
142.18123769760132,44032
142.95957350730896,44288
143.7432632446289,44544
144.5219144821167,44800
145.2992000579834,45056
146.0809142589569,45312
146.86262917518616,45568
147.641672372818,45824
148.41649413108826,46080
149.19608116149902,46336
149.97359108924866,46592
150.75378155708313,46848
151.5333650112152,47104
152.3218216896057,47360
153.10984230041504,47616
153.8908576965332,47872
154.67129683494568,48128
155.4523949623108,48384
156.23249220848083,48640
157.01406621932983,48896
157.79038429260254,49152
158.5677797794342,49408
159.34593534469604,49664
160.14632272720337,49920
160.95286440849304,50176
161.73422384262085,50432
162.5286386013031,50688
163.3306496143341,50944
164.10892486572266,51200
164.8874340057373,51456
165.66847968101501,51712
166.45334267616272,51968
167.24968552589417,52224
168.02838563919067,52480
168.81320118904114,52736
169.59863114356995,52992
170.39417457580566,53248
171.18019795417786,53504
171.97222566604614,53760
172.76327061653137,54016
173.54908871650696,54272
174.3311858177185,54528
175.11649322509766,54784
175.9099519252777,55040
176.69145488739014,55296
177.4791703224182,55552
178.26396989822388,55808
179.05389881134033,56064
179.84255743026733,56320
180.62530755996704,56576
181.40845894813538,56832
182.19006609916687,57088
182.9997205734253,57344
183.78071522712708,57600
184.5638210773468,57856
185.34870290756226,58112
186.14595341682434,58368
186.93029165267944,58624
187.71667098999023,58880
188.5016770362854,59136
189.3253984451294,59392
190.10542941093445,59648
190.88516521453857,59904
191.69892954826355,60160
192.47863960266113,60416
193.25698447227478,60672
194.0364055633545,60928
194.8190941810608,61184
195.60211777687073,61440
196.42027521133423,61696
197.20110511779785,61952
197.98863863945007,62208
198.76791763305664,62464
199.55699515342712,62720
200.347722530365,62976
201.14949250221252,63232
201.9297833442688,63488
202.7110869884491,63744
203.4906942844391,64000
204.2760992050171,64256
205.05818891525269,64512
205.8677623271942,64768
206.64758849143982,65024
207.42635917663574,65280
208.20723795890808,65536
208.9918622970581,65792
209.77920389175415,66048
210.58239197731018,66304
211.3598668575287,66560
212.1430208683014,66816
212.93010139465332,67072
213.71440196037292,67328
214.53125166893005,67584
215.31507301330566,67840
216.09974908828735,68096
216.88060998916626,68352
217.66444087028503,68608
218.45314145088196,68864
219.27707934379578,69120
220.05842447280884,69376
220.8373510837555,69632
221.6181981563568,69888
222.4015679359436,70144
223.2058982849121,70400
223.98286890983582,70656
224.76311326026917,70912
225.54315543174744,71168
226.32874202728271,71424
227.11400032043457,71680
227.89642477035522,71936
228.6742422580719,72192
229.45563769340515,72448
230.24011182785034,72704
231.0229048728943,72960
231.80716466903687,73216
232.6822988986969,73472
233.46800804138184,73728
234.24912548065186,73984
235.02934765815735,74240
235.8066279888153,74496
236.58787322044373,74752
237.37210750579834,75008
238.13976216316223,75264
238.91653323173523,75520
239.6979959011078,75776
240.47650694847107,76032
241.265394449234,76288
242.04904627799988,76544
242.87167167663574,76800
243.65125465393066,77056
244.4367871284485,77312
245.2147035598755,77568
245.99053716659546,77824
246.7755570411682,78080
247.5534210205078,78336
248.33489179611206,78592
249.11832547187805,78848
249.8982503414154,79104
250.69840931892395,79360
251.47773718833923,79616
252.25868129730225,79872
253.03525185585022,80128
253.81979322433472,80384
254.60159468650818,80640
255.37845945358276,80896
256.1607675552368,81152
256.96349906921387,81408
257.7433612346649,81664
258.52123188972473,81920
259.2987024784088,82176
260.07731199264526,82432
260.9478223323822,82688
261.72588753700256,82944
262.50254702568054,83200
263.2896695137024,83456
264.0747756958008,83712
264.8586072921753,83968
265.64989733695984,84224
266.4374372959137,84480
267.2165114879608,84736
267.99604511260986,84992
268.7756435871124,85248
269.5584387779236,85504
270.3491475582123,85760
271.1277618408203,86016
271.91288232803345,86272
272.7070941925049,86528
273.5238437652588,86784
274.3036241531372,87040
275.0802230834961,87296
275.86032223701477,87552
276.64464712142944,87808
277.4230909347534,88064
278.2098741531372,88320
278.9995799064636,88576
279.77187848091125,88832
280.55269289016724,89088
281.32823181152344,89344
282.11081051826477,89600
282.8890390396118,89856
283.6710319519043,90112
284.45542073249817,90368
285.2592623233795,90624
286.04276061058044,90880
286.82716512680054,91136
287.62649488449097,91392
288.41753339767456,91648
289.2023215293884,91904
289.98346281051636,92160
290.763694524765,92416
291.5475924015045,92672
292.3597478866577,92928
293.1438238620758,93184
293.92818546295166,93440
294.710999250412,93696
295.49126982688904,93952
296.2677421569824,94208
297.0432255268097,94464
297.8236801624298,94720
298.5996630191803,94976
299.3764925003052,95232
300.15930104255676,95488
300.94139289855957,95744
301.7229380607605,96000
302.5048608779907,96256
303.3270709514618,96512
304.10441279411316,96768
304.9127779006958,97024
305.71192264556885,97280
306.4897701740265,97536
307.28348183631897,97792
308.0761344432831,98048
308.86269092559814,98304
309.64059710502625,98560
310.42002034187317,98816
311.2016785144806,99072
311.9778175354004,99328
312.7608323097229,99584
313.5464599132538,99840
314.32362961769104,100096
315.1009886264801,100352
315.88961362838745,100608
316.66632652282715,100864
317.4612674713135,101120
318.24045395851135,101376
319.0394067764282,101632
319.8236656188965,101888
320.6023600101471,102144
321.3847985267639,102400
322.25500535964966,102656
323.0412218570709,102912
323.82932019233704,103168
324.6098918914795,103424
325.39194893836975,103680
326.168386220932,103936
326.94641947746277,104192
327.7389454841614,104448
328.52291345596313,104704
329.31040620803833,104960
330.09213638305664,105216
330.87651920318604,105472
331.6536388397217,105728
332.45191502571106,105984
333.2392222881317,106240
334.0553832054138,106496
334.8364591598511,106752
335.615332365036,107008
336.39806842803955,107264
337.1743321418762,107520
337.9513969421387,107776
338.73229146003723,108032
339.53697204589844,108288
340.32009720802307,108544
341.1246762275696,108800
341.9048480987549,109056
342.71232891082764,109312
343.4952540397644,109568
344.28297996520996,109824
345.0661549568176,110080
345.851824760437,110336
346.63435912132263,110592
347.4208731651306,110848
348.20158982276917,111104
349.00709557533264,111360
349.79545998573303,111616
350.58023619651794,111872
351.3587155342102,112128
352.14451265335083,112384
352.92072558403015,112640
353.7190787792206,112896
354.51509833335876,113152
355.3057482242584,113408
356.0831401348114,113664
356.8604516983032,113920
357.6525876522064,114176
358.4372355937958,114432
359.2328243255615,114688
360.0100209712982,114944
360.80983781814575,115200
361.589204788208,115456
362.37188243865967,115712
363.15102219581604,115968
363.93139123916626,116224
364.7101595401764,116480
365.5005385875702,116736
366.2815706729889,116992
367.07289266586304,117248
367.87036967277527,117504
368.6424617767334,117760
369.43037939071655,118016
370.2522945404053,118272
371.0704514980316,118528
371.844918012619,118784
372.6227865219116,119040
373.4048926830292,119296
374.2443335056305,119552
375.023864030838,119808
375.8029856681824,120064
376.59549355506897,120320
377.3733730316162,120576
378.1549561023712,120832
378.9383873939514,121088
379.718829870224,121344
380.4965615272522,121600
381.2740614414215,121856
382.0582084655762,122112
382.840167760849,122368
383.62117624282837,122624
384.40755581855774,122880
385.19757652282715,123136
385.98118710517883,123392
386.7725625038147,123648
387.5568323135376,123904
388.34593629837036,124160
389.13786816596985,124416
389.92747950553894,124672
390.7351231575012,124928
391.51240730285645,125184
392.29533529281616,125440
393.1033864021301,125696
393.88119626045227,125952
394.70528531074524,126208
395.4845027923584,126464
396.27621269226074,126720
397.05820751190186,126976
397.83955788612366,127232
398.63230562210083,127488
399.4282605648041,127744
400.20635318756104,128000
401.0251636505127,128256
401.82705664634705,128512
402.60372972488403,128768
403.41912388801575,129024
404.20572423934937,129280
404.99130725860596,129536
405.77348232269287,129792
406.57004594802856,130048
407.35648560523987,130304
408.13459634780884,130560
409.0184123516083,130816
409.81563353538513,131072
410.646333694458,131328
411.49514627456665,131584
412.31731629371643,131840
413.113511800766,132096
413.9465641975403,132352
414.7325608730316,132608
415.5464971065521,132864
416.35351061820984,133120
417.1723122596741,133376
417.95127725601196,133632
418.7354185581207,133888
419.5135521888733,134144
420.29221057891846,134400
421.07956647872925,134656
421.93447732925415,134912
422.72264885902405,135168
423.50314450263977,135424
424.31056332588196,135680
425.1715397834778,135936
425.95277881622314,136192
426.73540472984314,136448
427.51918625831604,136704
428.3037660121918,136960
429.088303565979,137216
429.87247109413147,137472
430.69416975975037,137728
431.5065462589264,137984
432.289838552475,138240
433.084504365921,138496
433.86929082870483,138752
434.7127323150635,139008
435.49026703834534,139264
436.29419207572937,139520
437.07484340667725,139776
437.8642337322235,140032
438.64537715911865,140288
439.46391558647156,140544
440.29576206207275,140800
441.10075974464417,141056
441.92085433006287,141312
442.8239493370056,141568
443.61846232414246,141824
444.40219736099243,142080
445.1922118663788,142336
445.9932715892792,142592
446.7852945327759,142848
447.593914270401,143104
448.3932981491089,143360
449.1915559768677,143616
449.9809410572052,143872
450.8074026107788,144128
451.5965871810913,144384
452.39016699790955,144640
453.18695521354675,144896
454.0089955329895,145152
454.8803126811981,145408
455.6652274131775,145664
456.45758867263794,145920
457.24931240081787,146176
458.10905146598816,146432
458.8957095146179,146688
459.69058537483215,146944
460.5015437602997,147200
461.323942899704,147456
462.1182360649109,147712
462.8995156288147,147968
463.6933636665344,148224
464.54438161849976,148480
465.40138697624207,148736
466.1978063583374,148992
466.9987392425537,149248
467.7902193069458,149504
468.58509707450867,149760
469.37184882164,150016
470.1622281074524,150272
470.9713590145111,150528
471.7550096511841,150784
472.5505745410919,151040
473.34739685058594,151296
474.1352288722992,151552
474.92809796333313,151808
475.71874952316284,152064
476.5063142776489,152320
477.37653613090515,152576
478.1607253551483,152832
478.9511282444,153088
479.738445520401,153344
480.55662775039673,153600
481.45675230026245,153856
482.261417388916,154112
483.0623154640198,154368
483.86204957962036,154624
484.69241213798523,154880
485.4977777004242,155136
486.3537290096283,155392
487.15347719192505,155648
487.9939157962799,155904
488.80642223358154,156160
489.65639090538025,156416
490.45771408081055,156672
491.30609798431396,156928
492.1184141635895,157184
493.03796911239624,157440
493.8470630645752,157696
494.64947032928467,157952
495.4458420276642,158208
496.24582386016846,158464
497.0760703086853,158720
497.8788516521454,158976
498.7974977493286,159232
499.595162153244,159488
500.4295394420624,159744
501.2264680862427,160000
502.0709216594696,160256
502.881733417511,160512
503.7077248096466,160768
504.5054142475128,161024
505.35085439682007,161280
506.15883779525757,161536
506.99052023887634,161792
507.783077955246,162048
508.6075072288513,162304
509.4018306732178,162560
510.24058628082275,162816
511.0422856807709,163072
511.87044072151184,163328
512.6685152053833,163584
513.5026609897614,163840
514.3011927604675,164096
515.1556143760681,164352
515.9512379169464,164608
516.7876465320587,164864
517.5901749134064,165120
518.4511079788208,165376
519.2528712749481,165632
520.0707478523254,165888
520.8697891235352,166144
521.7132134437561,166400
522.5086154937744,166656
523.3491735458374,166912
524.1490416526794,167168
524.9999492168427,167424
525.8033380508423,167680
526.6712429523468,167936
527.4714245796204,168192
528.338757276535,168448
529.170360326767,168704
529.9787690639496,168960
530.8440246582031,169216
531.6465313434601,169472
532.5085439682007,169728
533.342334985733,169984
534.1473169326782,170240
535.0235095024109,170496
535.8648736476898,170752
536.6723740100861,171008
537.5334801673889,171264
538.3737270832062,171520
539.1802711486816,171776
540.0447528362274,172032
540.8496570587158,172288
541.7386391162872,172544
542.576548576355,172800
543.3775506019592,173056
544.2341709136963,173312
545.0748460292816,173568
545.8760163784027,173824
546.7214019298553,174080
547.5919809341431,174336
548.3958692550659,174592
549.2367162704468,174848
550.0350186824799,175104
550.8873467445374,175360
551.7340605258942,175616
552.5360889434814,175872
553.3973426818848,176128
554.2383711338043,176384
555.0425732135773,176640
555.8979370594025,176896
556.7433114051819,177152
557.5543210506439,177408
558.3907842636108,177664
559.1886875629425,177920
560.0291092395782,178176
560.8452470302582,178432
561.6595261096954,178688
562.5531051158905,178944
563.4174771308899,179200
564.2188963890076,179456
565.0469498634338,179712
565.846893787384,179968
566.6764497756958,180224
567.4813041687012,180480
568.364581823349,180736
569.1667206287384,180992
570.0104699134827,181248
570.8132181167603,181504
571.7411139011383,181760
572.5704205036163,182016
573.3689036369324,182272
574.1933462619781,182528
574.993085861206,182784
575.8587594032288,183040
576.6566586494446,183296
577.502100944519,183552
578.3084273338318,183808
579.1538610458374,184064
580.0072453022003,184320
580.8521203994751,184576
581.7085192203522,184832
582.5083112716675,185088
583.3797237873077,185344
584.2055578231812,185600
585.0727832317352,185856
585.9218485355377,186112
586.7253284454346,186368
587.5534896850586,186624
588.4239139556885,186880
589.2836303710938,187136
590.1314625740051,187392
590.932852268219,187648
591.8119385242462,187904
592.6523053646088,188160
593.4915101528168,188416
594.3616027832031,188672
595.2441895008087,188928
596.1044764518738,189184
596.9483933448792,189440
597.780187368393,189696
598.5929160118103,189952
599.424712896347,190208
600.2311313152313,190464
601.053183555603,190720
601.8766145706177,190976
602.6772909164429,191232
603.5646817684174,191488
604.4380226135254,191744
605.248856306076,192000
606.1132848262787,192256
606.9468352794647,192512
607.7561681270599,192768
608.6159393787384,193024
609.4496810436249,193280
610.2564251422882,193536
611.0893592834473,193792
611.9302122592926,194048
612.7331511974335,194304
613.5728464126587,194560
614.4599356651306,194816
615.2687408924103,195072
616.1169261932373,195328
616.9501986503601,195584
617.8250613212585,195840
618.630209684372,196096
619.4870057106018,196352
620.3426077365875,196608
621.151074886322,196864
621.9828844070435,197120
622.8484697341919,197376
623.7493135929108,197632
624.5589878559113,197888
625.4166307449341,198144
626.2574894428253,198400
627.0662767887115,198656
627.9658823013306,198912
628.7987575531006,199168
629.6292991638184,199424
630.4372181892395,199680
631.3092744350433,199936
632.1444456577301,200192
632.9895646572113,200448
633.8312504291534,200704
634.6377267837524,200960
635.5213820934296,201216
636.3299782276154,201472
637.1687800884247,201728
638.0578992366791,201984
638.8884663581848,202240
639.6989686489105,202496
640.5518295764923,202752
641.4026508331299,203008
642.2556142807007,203264
643.0896835327148,203520
643.905191898346,203776
644.7416772842407,204032
645.5966546535492,204288
646.4680552482605,204544
647.3155601024628,204800
648.1273505687714,205056
648.9850339889526,205312
649.8353788852692,205568
650.6708633899689,205824
651.5249207019806,206080
652.3411312103271,206336
653.2054097652435,206592
654.0771169662476,206848
654.9213759899139,207104
655.7589271068573,207360
656.5598311424255,207616
657.4036598205566,207872
658.2766025066376,208128
659.1063215732574,208384
659.9917242527008,208640
660.8040006160736,208896
661.6580190658569,209152
662.5382814407349,209408
663.3771307468414,209664
664.2064933776855,209920
665.029548406601,210176
665.9327635765076,210432
666.7794787883759,210688
667.6348330974579,210944
668.5030088424683,211200
669.3780560493469,211456
670.2187223434448,211712
671.072704076767,211968
671.9345715045929,212224
672.7492454051971,212480
673.6076648235321,212736
674.4780287742615,212992
675.3215909004211,213248
676.1611721515656,213504
677.0193305015564,213760
677.8490581512451,214016
678.6920082569122,214272
679.5679218769073,214528
680.3848140239716,214784
681.2410805225372,215040
682.0922915935516,215296
682.9874737262726,215552
683.8334772586823,215808
684.6800200939178,216064
685.5480711460114,216320
686.3990726470947,216576
687.2847728729248,216832
688.1371328830719,217088
688.9987008571625,217344
689.8540720939636,217600
690.7156307697296,217856
691.5762982368469,218112
692.4329941272736,218368
693.2514970302582,218624
694.117470741272,218880
694.9761161804199,219136
695.8242185115814,219392
696.7059445381165,219648
697.5591900348663,219904
698.4190137386322,220160
699.2588465213776,220416
700.1001029014587,220672
700.9487590789795,220928
701.7886972427368,221184
702.6593453884125,221440
703.5509464740753,221696
704.4346258640289,221952
705.2829990386963,222208
706.1603217124939,222464
707.052437543869,222720
707.8972480297089,222976
708.748765707016,223232
709.588873386383,223488
710.4284043312073,223744
711.3076455593109,224000
712.1734492778778,224256
713.0291407108307,224512
713.8426296710968,224768
714.6964719295502,225024
715.5323705673218,225280
716.3352420330048,225536
717.1919775009155,225792
718.0300755500793,226048
718.8379328250885,226304
719.6967830657959,226560
720.5591239929199,226816
721.3872134685516,227072
722.2042722702026,227328
723.1198854446411,227584
723.9318675994873,227840
724.7387797832489,228096
725.6415719985962,228352
726.4862661361694,228608
727.3209917545319,228864
728.1727013587952,229120
729.0054454803467,229376
729.7964718341827,229632
730.586225271225,229888
731.3744218349457,230144
732.161639213562,230400
732.945812702179,230656
733.736829996109,230912
734.5377957820892,231168
735.3355700969696,231424
736.1362781524658,231680
736.9286315441132,231936
737.7086129188538,232192
738.488367319107,232448
739.2682690620422,232704
740.0529613494873,232960
740.8379137516022,233216
741.6156120300293,233472
742.4042303562164,233728
743.1972224712372,233984
743.9867103099823,234240
744.7659165859222,234496
745.5449368953705,234752
746.337749004364,235008
747.1185159683228,235264
747.8949158191681,235520
748.6723599433899,235776
749.454957485199,236032
750.2398157119751,236288
751.0263893604279,236544
751.8110463619232,236800
752.5928099155426,237056
753.3740665912628,237312
754.1548409461975,237568
754.9417455196381,237824
755.7262163162231,238080
756.5135450363159,238336
757.2948002815247,238592
758.1266899108887,238848
758.9341888427734,239104
759.7193927764893,239360
760.5510511398315,239616
761.33966588974,239872
762.165691614151,240128
762.9542334079742,240384
763.824155330658,240640
764.6121876239777,240896
765.4765548706055,241152
766.3232510089874,241408
767.1295409202576,241664
767.948744058609,241920
768.7615947723389,242176
769.5548770427704,242432
770.3499000072479,242688
771.1864039897919,242944
771.9853277206421,243200
772.7836780548096,243456
773.6317629814148,243712
774.4276371002197,243968
775.3141605854034,244224
776.1127672195435,244480
776.962372303009,244736
777.7632629871368,244992
778.5901889801025,245248
779.3880181312561,245504
780.2377405166626,245760
781.0483152866364,246016
781.8809423446655,246272
782.6890797615051,246528
783.5314104557037,246784
784.3567831516266,247040
785.2123258113861,247296
786.0156869888306,247552
786.8374814987183,247808
787.6678831577301,248064
788.4788904190063,248320
789.3460130691528,248576
790.1726777553558,248832
790.9825692176819,249088
791.8290526866913,249344
792.6836051940918,249600
793.4905989170074,249856
794.3279361724854,250112
795.1577458381653,250368
795.9701824188232,250624
796.8124561309814,250880
797.6521134376526,251136
798.5009636878967,251392
799.312477350235,251648
800.1873021125793,251904
801.0486078262329,252160
801.8767378330231,252416
802.708235502243,252672
803.5234611034393,252928
804.3776934146881,253184
805.2326560020447,253440
806.0639441013336,253696
806.8921551704407,253952
807.7210192680359,254208
808.5858738422394,254464
809.4266309738159,254720
810.239682674408,254976
811.112190246582,255232
811.920512676239,255488
812.7234177589417,255744
813.6306464672089,256000
814.4607107639313,256256
815.2699911594391,256512
816.133091211319,256768
816.9439039230347,257024
817.7813999652863,257280
818.5914463996887,257536
819.4547457695007,257792
820.3115780353546,258048
821.171961069107,258304
821.9912981987,258560
822.8916070461273,258816
823.7127695083618,259072
824.5786757469177,259328
825.4128322601318,259584
826.2519655227661,259840
827.0615792274475,260096
828.014990568161,260352
828.8656737804413,260608
829.7101430892944,260864
830.5749666690826,261120
831.4227344989777,261376
832.2680366039276,261632
833.1967735290527,261888
834.043779373169,262144
834.9302935600281,262400
835.7761368751526,262656
836.6331486701965,262912
837.4702723026276,263168
838.3291838169098,263424
839.182177066803,263680
840.014830827713,263936
840.9144420623779,264192
841.7805171012878,264448
842.6123971939087,264704
843.4119021892548,264960
844.2103097438812,265216
845.0466170310974,265472
845.8712904453278,265728
846.6899366378784,265984
847.5244262218475,266240
848.3629083633423,266496
849.1938624382019,266752
850.0210144519806,267008
850.836528301239,267264
851.6946940422058,267520
852.4962337017059,267776
853.332560300827,268032
854.1675896644592,268288
854.9724545478821,268544
855.831396818161,268800
856.6724243164062,269056
857.48415184021,269312
858.3347959518433,269568
859.1789371967316,269824
860.0102021694183,270080
860.8232743740082,270336
861.6877062320709,270592
862.5280916690826,270848
863.3415505886078,271104
864.23539686203,271360
865.0945997238159,271616
865.9306592941284,271872
866.752533197403,272128
867.6170661449432,272384
868.4377107620239,272640
869.3324656486511,272896
870.1654827594757,273152
870.9835405349731,273408
871.8240756988525,273664
872.6608095169067,273920
873.5050547122955,274176
874.3472549915314,274432
875.201390504837,274688
876.0141668319702,274944
876.943069934845,275200
877.7765500545502,275456
878.6081461906433,275712
879.4969356060028,275968
880.3840780258179,276224
881.2331278324127,276480
882.0823962688446,276736
882.9342379570007,276992
883.7479174137115,277248
884.6051650047302,277504
885.4496493339539,277760
886.2922780513763,278016
887.1279006004333,278272
887.9816718101501,278528
888.8657019138336,278784
889.7675485610962,279040
890.5920083522797,279296
891.4280762672424,279552
892.3072581291199,279808
893.150315284729,280064
893.992514371872,280320
894.848536491394,280576
895.7338190078735,280832
896.5956244468689,281088
897.4317107200623,281344
898.2893354892731,281600
899.26256275177,281856
900.1116008758545,282112
901.0049359798431,282368
901.8448867797852,282624
902.6959590911865,282880
903.5856246948242,283136
904.4234719276428,283392
905.2648599147797,283648
906.1153285503387,283904
907.0662295818329,284160
907.9132401943207,284416
908.7502694129944,284672
909.6076610088348,284928
910.4704456329346,285184
911.3078255653381,285440
912.1515769958496,285696
912.991357088089,285952
913.8595116138458,286208
914.7588813304901,286464
915.6064395904541,286720
916.4931442737579,286976
917.3433554172516,287232
918.1959118843079,287488
919.0654058456421,287744
919.9045505523682,288000
920.779244184494,288256
921.6262230873108,288512
922.486585855484,288768
923.3658626079559,289024
924.1551871299744,289280
924.938568353653,289536
925.7440323829651,289792
926.5257482528687,290048
927.3162577152252,290304
928.098592042923,290560
928.8880820274353,290816
929.6695704460144,291072
930.4892344474792,291328
931.2694900035858,291584
932.0568203926086,291840
932.8485085964203,292096
933.6270778179169,292352
934.4183397293091,292608
935.2295114994049,292864
936.011458158493,293120
936.8018095493317,293376
937.585465669632,293632
938.3687438964844,293888
939.1702809333801,294144
939.9770934581757,294400
940.7837581634521,294656
941.5675358772278,294912
942.3565261363983,295168
943.2474915981293,295424
944.0352470874786,295680
944.9144744873047,295936
945.7076842784882,296192
946.5027921199799,296448
947.2948348522186,296704
948.1257364749908,296960
948.9194605350494,297216
949.7162988185883,297472
950.5054895877838,297728
951.3105688095093,297984
952.0985059738159,298240
952.8870806694031,298496
953.6756114959717,298752
954.5350053310394,299008
955.3367204666138,299264
956.1375710964203,299520
957.041515827179,299776
957.8373539447784,300032
958.6355237960815,300288
959.5364241600037,300544
960.3370912075043,300800
961.2277138233185,301056
962.0570328235626,301312
962.8543944358826,301568
963.6776189804077,301824
964.4796438217163,302080
965.307647228241,302336
966.1025958061218,302592
966.8963391780853,302848
967.7222480773926,303104
968.5291118621826,303360
969.3579404354095,303616
970.1555364131927,303872
971.0635409355164,304128
971.8623306751251,304384
972.7299613952637,304640
973.5462307929993,304896
974.3645133972168,305152
975.1644234657288,305408
975.9976813793182,305664
976.793318271637,305920
977.6132662296295,306176
978.415625333786,306432
979.3617813587189,306688
980.1721260547638,306944
981.0248160362244,307200
981.8484525680542,307456
982.6529011726379,307712
983.4912667274475,307968
984.2945935726166,308224
985.133642911911,308480
985.9587438106537,308736
986.7625484466553,308992
987.5902428627014,309248
988.4152593612671,309504
989.2244734764099,309760
990.0654668807983,310016
990.8952324390411,310272
991.7018196582794,310528
992.5449893474579,310784
993.4767487049103,311040
994.2990233898163,311296
995.1724328994751,311552
996.0322711467743,311808
996.8444032669067,312064
997.6949963569641,312320
998.5590651035309,312576
999.4067685604095,312832
1000.2166590690613,313088
1001.0477850437164,313344
1001.901759147644,313600
1002.7580399513245,313856
1003.6147022247314,314112
1004.4257740974426,314368
1005.2772517204285,314624
1006.149566411972,314880
1006.996814250946,315136
1007.8507964611053,315392
1008.6941030025482,315648
1009.5427527427673,315904
1010.4262270927429,316160
1011.2670409679413,316416
1012.1107451915741,316672
1012.937023639679,316928
1013.8454155921936,317184
1014.7170948982239,317440
1015.5642447471619,317696
1016.4181048870087,317952
1017.2791934013367,318208
1018.1493785381317,318464
1018.998566865921,318720
1019.866245508194,318976
1020.7634191513062,319232
1021.6172654628754,319488
1022.5093679428101,319744
1023.3908512592316,320000
1024.305801153183,320256
1025.1594598293304,320512
1026.0482430458069,320768
1026.9293355941772,321024
1027.743378162384,321280
1028.5526247024536,321536
1029.4080386161804,321792
1030.2896137237549,322048
1031.0976061820984,322304
1031.9729437828064,322560
1032.8563582897186,322816
1033.6867516040802,323072
1034.4977519512177,323328
1035.331824541092,323584
1036.1747913360596,323840
1037.051619052887,324096
1037.8784189224243,324352
1038.7091836929321,324608
1039.5515184402466,324864
1040.3821573257446,325120
1041.292636871338,325376
1042.1121423244476,325632
1042.9605317115784,325888
1043.8427228927612,326144
1044.6802859306335,326400
1045.5466976165771,326656
1046.4209115505219,326912
1047.2519357204437,327168
1048.0672047138214,327424
1048.9848959445953,327680
1049.8366169929504,327936
1050.6971645355225,328192
1051.5594022274017,328448
1052.4141278266907,328704
1053.275191783905,328960
1054.1578426361084,329216
1055.0119278430939,329472
1055.8819932937622,329728
1056.7601673603058,329984
1057.575152873993,330240
1058.4290580749512,330496
1059.2405877113342,330752
1060.0984945297241,331008
1060.908765077591,331264
1061.75404214859,331520
1062.6001312732697,331776
1063.473875761032,332032
1064.3063604831696,332288
1065.143120765686,332544
1066.0013337135315,332800
1066.8451149463654,333056
1067.6812419891357,333312
1068.540697336197,333568
1069.3870916366577,333824
1070.1976459026337,334080
1071.028247833252,334336
1071.8873672485352,334592
1072.7284572124481,334848
1073.616895198822,335104
1074.4608416557312,335360
1075.3070967197418,335616
1076.15092086792,335872
1076.9916546344757,336128
1077.809433221817,336384
1078.7335889339447,336640
1079.549753665924,336896
1080.3970549106598,337152
1081.2434976100922,337408
1082.1229288578033,337664
1083.020271539688,337920
1083.8623797893524,338176
1084.7348582744598,338432
1085.6121118068695,338688
1086.451637506485,338944
1087.3135216236115,339200
1088.1511130332947,339456
1088.9993388652802,339712
1089.8364651203156,339968
1090.678002357483,340224
1091.5171103477478,340480
1092.4665977954865,340736
1093.3413925170898,340992
1094.184761762619,341248
1095.0409116744995,341504
1095.8903625011444,341760
1096.7393205165863,342016
1097.6120064258575,342272
1098.4692046642303,342528
1099.3249344825745,342784
1100.1969554424286,343040
1101.0911333560944,343296
1101.9891633987427,343552
1102.86758351326,343808
1103.7380149364471,344064
1104.6003432273865,344320
1105.4927756786346,344576
1106.3846759796143,344832
1107.2432582378387,345088
1108.102080821991,345344
1108.9912385940552,345600
1109.8664531707764,345856
1110.7685623168945,346112
1111.5782001018524,346368
1112.407832145691,346624
1113.2219297885895,346880
1114.1372985839844,347136
1114.9837181568146,347392
1115.8207478523254,347648
1116.6301176548004,347904
1117.4856262207031,348160
1118.3393003940582,348416
1119.1781697273254,348672
1120.0307788848877,348928
1120.8482778072357,349184
1121.685046672821,349440
1122.555592060089,349696
1123.4744184017181,349952
1124.341084241867,350208
1125.1923253536224,350464
1126.0394053459167,350720
1126.9049911499023,350976
1127.7296345233917,351232
1128.5499320030212,351488
1129.4052181243896,351744
1130.2550988197327,352000
1131.1193883419037,352256
1131.9550783634186,352512
1132.843991279602,352768
1133.7034242153168,353024
1134.5776708126068,353280
1135.4270560741425,353536
1136.2616765499115,353792
1137.1117060184479,354048
1137.9765837192535,354304
1138.8325123786926,354560
1139.701858997345,354816
1140.5427770614624,355072
1141.3941144943237,355328
1142.2943453788757,355584
1143.1578669548035,355840
1144.023832321167,356096
1144.881558418274,356352
1145.748037815094,356608
1146.5433022975922,356864
1147.3347826004028,357120
1148.1304686069489,357376
1148.923829317093,357632
1149.783121585846,357888
1150.588261604309,358144
1151.3826761245728,358400
1152.2594513893127,358656
1153.0609636306763,358912
1153.878405570984,359168
1154.6776111125946,359424
1155.5834329128265,359680
1156.3898332118988,359936
1157.2512929439545,360192
1158.059142589569,360448
1158.9138646125793,360704
1159.7175543308258,360960
1160.5538625717163,361216
1161.3571865558624,361472
1162.1854212284088,361728
1162.9856247901917,361984
1163.8365652561188,362240
1164.6382794380188,362496
1165.458045244217,362752
1166.2769548892975,363008
1167.085991859436,363264
1167.9029862880707,363520
1168.705453634262,363776
1169.6047620773315,364032
1170.496856212616,364288
1171.2959299087524,364544
1172.1396205425262,364800
1172.9415428638458,365056
1173.7686383724213,365312
1174.6441478729248,365568
1175.4499990940094,365824
1176.3398928642273,366080
1177.1996562480927,366336
1178.0089228153229,366592
1178.8560769557953,366848
1179.6889653205872,367104
1180.4930846691132,367360
1181.36523604393,367616
1182.1827104091644,367872
1183.0243422985077,368128
1183.8438363075256,368384
1184.6727085113525,368640
1185.5096735954285,368896
1186.3691136837006,369152
1187.185539007187,369408
1188.0714001655579,369664
1188.9134290218353,369920
1189.778136730194,370176
1190.6118664741516,370432
1191.4192297458649,370688
1192.2699046134949,370944
1193.1021270751953,371200
1193.925588607788,371456
1194.8219392299652,371712
1195.6447532176971,371968
1196.52144241333,372224
1197.3677117824554,372480
1198.1974925994873,372736
1199.032866716385,372992
1199.880795955658,373248
1200.7329847812653,373504
1201.5875644683838,373760
1202.4150729179382,374016
1203.294306755066,374272
1204.1337747573853,374528
1204.991664648056,374784
1205.8195204734802,375040
1206.622802734375,375296
1207.447343826294,375552
1208.288194179535,375808
1209.099797487259,376064
1209.9400680065155,376320
1210.742249250412,376576
1211.576094865799,376832
1212.4470162391663,377088
1213.2544536590576,377344
1214.0763585567474,377600
1214.8946182727814,377856
1215.771410226822,378112
1216.618309020996,378368
1217.4203231334686,378624
1218.2719948291779,378880
1219.1021935939789,379136
1219.905427455902,379392
1220.7275869846344,379648
1221.5845456123352,379904
1222.3884551525116,380160
1223.2328279018402,380416
1224.1034426689148,380672
1224.921977519989,380928
1225.7729215621948,381184
1226.6255197525024,381440
1227.4518768787384,381696
1228.25958609581,381952
1229.122867822647,382208
1229.946212053299,382464
1230.8285763263702,382720
1231.638854265213,382976
1232.4738957881927,383232
1233.318460226059,383488
1234.179761171341,383744
1234.9894745349884,384000
1235.8896551132202,384256
1236.7028152942657,384512
1237.5475497245789,384768
1238.380259513855,385024
1239.194051027298,385280
1240.0701611042023,385536
1240.9405858516693,385792
1241.8116731643677,386048
1242.6577262878418,386304
1243.561820268631,386560
1244.4009237289429,386816
1245.2009057998657,387072
1246.0122158527374,387328
1246.8104004859924,387584
1247.684484243393,387840
1248.4767043590546,388096
1249.260749578476,388352
1250.0419127941132,388608
1250.8311870098114,388864
1251.6179502010345,389120
1252.4013855457306,389376
1253.1846256256104,389632
1253.971693277359,389888
1254.754311323166,390144
1255.5384547710419,390400
1256.3232066631317,390656
1257.1067380905151,390912
1257.8893370628357,391168
1258.6736755371094,391424
1259.4783794879913,391680
1260.3902387619019,391936
1261.1762375831604,392192
1261.963473558426,392448
1262.7491595745087,392704
1263.558517217636,392960
1264.345386505127,393216
1265.1339304447174,393472
1265.9214897155762,393728
1266.8215761184692,393984
1267.6151328086853,394240
1268.4032866954803,394496
1269.1885840892792,394752
1269.9943890571594,395008
1270.7858428955078,395264
1271.5748682022095,395520
1272.3868443965912,395776
1273.2300024032593,396032
1274.021846294403,396288
1274.8562037944794,396544
1275.6507637500763,396800
1276.4420657157898,397056
1277.2605848312378,397312
1278.0889518260956,397568
1278.8745124340057,397824
1279.7090380191803,398080
1280.5043284893036,398336
1281.2964963912964,398592
1282.107587814331,398848
1282.9097619056702,399104
1283.7283399105072,399360
1284.5263214111328,399616
1285.3219065666199,399872
1286.1436638832092,400128
1286.9398708343506,400384
1287.7499339580536,400640
1288.547951221466,400896
1289.3427431583405,401152
1290.1580288410187,401408
1290.9703936576843,401664
1291.8783745765686,401920
1292.6776976585388,402176
1293.5665369033813,402432
1294.3612580299377,402688
1295.228363752365,402944
1296.0412576198578,403200
1296.868592262268,403456
1297.6694433689117,403712
1298.4941136837006,403968
1299.2922809123993,404224
1300.1585459709167,404480
1300.964416027069,404736
1301.8027520179749,404992
1302.6042485237122,405248
1303.429773569107,405504
1304.3086166381836,405760
1305.1146261692047,406016
1305.9525213241577,406272
1306.754653453827,406528
1307.5717537403107,406784
1308.3955507278442,407040
1309.2001609802246,407296
1310.0536012649536,407552
1310.9551267623901,407808
1311.762213230133,408064
1312.6271398067474,408320
1313.425068616867,408576
1314.2213797569275,408832
1315.0172243118286,409088
1315.8155977725983,409344
1316.6782505512238,409600
1317.4774870872498,409856
1318.3634481430054,410112
1319.1635482311249,410368
1320.0024991035461,410624
1320.82151055336,410880
1321.6438813209534,411136
1322.4679577350616,411392
1323.284551858902,411648
1324.0831823349,411904
1324.9255928993225,412160
1325.7214562892914,412416
1326.5076780319214,412672
1327.2992963790894,412928
1328.1007370948792,413184
1328.8905584812164,413440
1329.6779463291168,413696
1330.4673526287079,413952
1331.279756307602,414208
1332.0705380439758,414464
1332.8672201633453,414720
1333.6707439422607,414976
1334.4651594161987,415232
1335.261212348938,415488
1336.1505546569824,415744
1336.9388892650604,416000
1337.734056711197,416256
1338.560026884079,416512
1339.3530225753784,416768
1340.1588261127472,417024
1340.9542164802551,417280
1341.8525848388672,417536
1342.6478695869446,417792
1343.461942434311,418048
1344.2719345092773,418304
1345.0916430950165,418560
1345.891491651535,418816
1346.7205901145935,419072
1347.524244070053,419328
1348.356586933136,419584
1349.1563458442688,419840
1350.0346746444702,420096
1350.8367710113525,420352
1351.6519796848297,420608
1352.5060188770294,420864
1353.3082945346832,421120
1354.1462540626526,421376
1354.9556605815887,421632
1355.8550255298615,421888
1356.6987483501434,422144
1357.5055804252625,422400
1358.3872981071472,422656
1359.1904299259186,422912
1360.063107252121,423168
1360.872477054596,423424
1361.7190163135529,423680
1362.5701355934143,423936
1363.3803589344025,424192
1364.2368483543396,424448
1365.0501358509064,424704
1365.8985090255737,424960
1366.7087948322296,425216
1367.5829205513,425472
1368.4421963691711,425728
1369.2840094566345,425984
1370.1225254535675,426240
1370.9728507995605,426496
1371.8236026763916,426752
1372.6695685386658,427008
1373.523687839508,427264
1374.383863210678,427520
1375.2017834186554,427776
1376.0881061553955,428032
1376.9415130615234,428288
1377.7879693508148,428544
1378.6470863819122,428800
1379.4858617782593,429056
1380.3618915081024,429312
1381.194652557373,429568
1382.0480725765228,429824
1382.9094829559326,430080
1383.7540073394775,430336
1384.6161468029022,430592
1385.4722723960876,430848
1386.3285925388336,431104
1387.175503730774,431360
1388.0258779525757,431616
1388.890418767929,431872
1389.7364876270294,432128
1390.5768308639526,432384
1391.4538547992706,432640
1392.459823846817,432896
1393.3446860313416,433152
1394.2367551326752,433408
1395.1785900592804,433664
1396.0165135860443,433920
1396.908020734787,434176
1397.7727575302124,434432
1398.6616423130035,434688
1399.5091125965118,434944
1400.3533413410187,435200
1401.267982006073,435456
1402.113040447235,435712
1402.9560883045197,435968
1403.8086297512054,436224
1404.685379743576,436480
1405.5314190387726,436736
1406.3742489814758,436992
1407.2415533065796,437248
1408.123095035553,437504
1408.9623034000397,437760
1409.8146731853485,438016
1410.670705318451,438272
1411.5296168327332,438528
1412.3765337467194,438784
1413.2195856571198,439040
1414.0685305595398,439296
1414.9087917804718,439552
1415.7581553459167,439808
1416.6000287532806,440064
1417.5429105758667,440320
1418.4112062454224,440576
1419.2902371883392,440832
1420.1357998847961,441088
1420.9857668876648,441344
1421.8529555797577,441600
1422.7007455825806,441856
1423.5437364578247,442112
1424.4082210063934,442368
1425.4069528579712,442624
1426.239531993866,442880
1427.111534833908,443136
1428.000832080841,443392
1428.8642337322235,443648
1429.7100875377655,443904
1430.5843210220337,444160
1431.4609560966492,444416
1432.3005120754242,444672
1433.1535444259644,444928
1434.0212125778198,445184
1434.887876033783,445440
1435.7657313346863,445696
1436.6657841205597,445952
1437.5068809986115,446208
1438.4157259464264,446464
1439.2710218429565,446720
1440.1467130184174,446976
1440.9976193904877,447232
1441.915982723236,447488
1442.7815101146698,447744
1443.6393699645996,448000
1444.4924101829529,448256
1445.342699766159,448512
1446.2062504291534,448768
1447.0452625751495,449024
1447.9631533622742,449280
1448.8165407180786,449536
1449.71213722229,449792
1450.5677218437195,450048
1451.4327597618103,450304
1452.2788033485413,450560
1453.1660158634186,450816
1454.0294740200043,451072
1454.9091000556946,451328
1455.7860088348389,451584
1456.662876367569,451840
1457.5307228565216,452096
1458.4096143245697,452352
1459.2614097595215,452608
1460.1707260608673,452864
1461.039477109909,453120
1461.8893382549286,453376
1462.7374002933502,453632
1463.709307193756,453888
1464.5491836071014,454144
1465.401177406311,454400
1466.251165151596,454656
1467.098953485489,454912
1467.9734950065613,455168
1468.8431084156036,455424
1469.632532119751,455680
1470.4204695224762,455936
1471.2242290973663,456192
1472.0125308036804,456448
1472.7985332012177,456704
1473.5843324661255,456960
1474.3706860542297,457216
1475.2456939220428,457472
1476.039696931839,457728
1476.8278143405914,457984
1477.6168358325958,458240
1478.5322382450104,458496
1479.321085691452,458752
1480.1221928596497,459008
1480.9464988708496,459264
1481.7492122650146,459520
1482.5655388832092,459776
1483.4789462089539,460032
1484.2732050418854,460288
1485.0646739006042,460544
1485.9126398563385,460800
1486.704867362976,461056
1487.5435688495636,461312
1488.3388886451721,461568
1489.1310067176819,461824
1489.9494333267212,462080
1490.7670850753784,462336
1491.5929532051086,462592
1492.391747713089,462848
1493.2639365196228,463104
1494.06507396698,463360
1494.9267883300781,463616
1495.7229979038239,463872
1496.5890698432922,464128
1497.420287847519,464384
1498.2492327690125,464640
1499.109049320221,464896
1499.9170787334442,465152
1500.7846360206604,465408
1501.5853321552277,465664
1502.3928775787354,465920
1503.2651011943817,466176
1504.06485247612,466432
1504.8914630413055,466688
1505.6916732788086,466944
1506.5276675224304,467200
1507.3305146694183,467456
1508.2063241004944,467712
1509.0341665744781,467968
1509.8413724899292,468224
1510.6964457035065,468480
1511.532222032547,468736
1512.334959745407,468992
1513.201134443283,469248
1514.0056290626526,469504
1514.8581383228302,469760
1515.6755590438843,470016
1516.4827153682709,470272
1517.3201086521149,470528
1518.2111246585846,470784
1519.0394911766052,471040
1519.8453879356384,471296
1520.7002966403961,471552
1521.5181119441986,471808
1522.327265739441,472064
1523.1665556430817,472320
1524.0300467014313,472576
1524.8659164905548,472832
1525.6747274398804,473088
1526.5551249980927,473344
1527.3830642700195,473600
1528.2103114128113,473856
1529.071540594101,474112
1529.8873829841614,474368
1530.7911064624786,474624
1531.6469163894653,474880
1532.4735910892487,475136
1533.2976038455963,475392
1534.1551847457886,475648
1534.9813299179077,475904
1535.8328475952148,476160
1536.681991815567,476416
1537.5206735134125,476672
1538.354027748108,476928
1539.181797027588,477184
1540.0217049121857,477440
1540.8940341472626,477696
1541.7310395240784,477952
1542.5697031021118,478208
1543.3917663097382,478464
1544.260583639145,478720
1545.1207175254822,478976
1545.971086025238,479232
1546.8120863437653,479488
1547.6628687381744,479744
1548.4864196777344,480000
1549.3399529457092,480256
1550.1945476531982,480512
1551.1648898124695,480768
1552.0264687538147,481024
1552.897428035736,481280
1553.750018119812,481536
1554.6010184288025,481792
1555.4430739879608,482048
1556.313404560089,482304
1557.1291360855103,482560
1557.986139535904,482816
1558.8263564109802,483072
1559.670325756073,483328
1560.5210161209106,483584
1561.3636558055878,483840
1562.2089850902557,484096
1563.0444247722626,484352
1563.874763250351,484608
1564.6873807907104,484864
1565.5315327644348,485120
1566.367770433426,485376
1567.2898721694946,485632
1568.1734099388123,485888
1569.008427143097,486144
1569.866604089737,486400
1570.7139840126038,486656
1571.5548346042633,486912
1572.4213106632233,487168
1573.2573251724243,487424
1574.10262966156,487680
1574.954533815384,487936
1575.7978301048279,488192
1576.6275560855865,488448
1577.4852085113525,488704
1578.3204457759857,488960
1579.1782286167145,489216
1580.0761897563934,489472
1580.9217052459717,489728
1581.7789211273193,489984
1582.5895509719849,490240
1583.4005875587463,490496
1584.2533190250397,490752
1585.0531079769135,491008
1585.86390542984,491264
1586.7408547401428,491520
1587.540613412857,491776
1588.4479022026062,492032
1589.2496004104614,492288
1590.1016871929169,492544
1590.9294428825378,492800
1591.733161687851,493056
1592.582444190979,493312
1593.3829052448273,493568
1594.2954223155975,493824
1595.096464395523,494080
1595.9044306278229,494336
1596.7388541698456,494592
1597.5416758060455,494848
1598.414468050003,495104
1599.219070672989,495360
1600.0911257266998,495616
1600.9352579116821,495872
1601.7399032115936,496128
1602.5730550289154,496384
1603.393342256546,496640
1604.2418746948242,496896
1605.0708146095276,497152
1605.869369983673,497408
1606.708078622818,497664
1607.5503385066986,497920
1608.3612620830536,498176
1609.174220085144,498432
1609.975414276123,498688
1610.810620546341,498944
1611.612272977829,499200
1612.5209231376648,499456
1613.343556880951,499712
1614.1454932689667,499968
1615.0156872272491,500224
1615.8167078495026,500480
1616.6454501152039,500736
1617.4476962089539,500992
1618.3232023715973,501248
1619.12686252594,501504
1619.926549911499,501760
1620.728770017624,502016
1621.5262200832367,502272
1622.3476958274841,502528
1623.149075269699,502784
1624.0026681423187,503040
1624.799191236496,503296
1625.6239411830902,503552
1626.4370889663696,503808
1627.273847103119,504064
1628.0706448554993,504320
1628.8821532726288,504576
1629.683604001999,504832
1630.5898389816284,505088
1631.4002475738525,505344
1632.277291059494,505600
1633.078033208847,505856
1633.9292657375336,506112
1634.769344329834,506368
1635.580044746399,506624
1636.4156081676483,506880
1637.2193200588226,507136
1638.0689005851746,507392
1638.8840916156769,507648
1639.6865735054016,507904
1640.5449314117432,508160
1641.3689279556274,508416
1642.1868677139282,508672
1643.016919851303,508928
1643.8480367660522,509184
1644.6566653251648,509440
1645.511328458786,509696
1646.3571755886078,509952
1647.171070575714,510208
1648.0356845855713,510464
1648.8564023971558,510720
1649.6856288909912,510976
1650.4920630455017,511232
1651.3479223251343,511488
1652.1833910942078,511744
1653.0241446495056,512000
1653.8313057422638,512256
1654.688482284546,512512
1655.5588533878326,512768
1656.4022147655487,513024
1657.2478036880493,513280
1658.0649495124817,513536
1658.9045689105988,513792
1659.740643978119,514048
1660.5728278160095,514304
1661.4502310752869,514560
1662.2693483829498,514816
1663.1668093204498,515072
1664.0082080364227,515328
1664.841124534607,515584
1665.736817598343,515840
1666.5987453460693,516096
1667.4446952342987,516352
1668.2890391349792,516608
1669.1271529197693,516864
1669.9445803165436,517120
1670.8402273654938,517376
1671.6531732082367,517632
1672.5095949172974,517888
1673.342558145523,518144
1674.2477037906647,518400
1675.0633630752563,518656
1675.9181139469147,518912
1676.7887794971466,519168
1677.627243757248,519424
1678.4704954624176,519680
1679.3373396396637,519936
1680.291945695877,520192
1681.1299016475677,520448
1681.978196144104,520704
1682.8272216320038,520960
1683.6557223796844,521216
1684.491730928421,521472
1685.3156192302704,521728
1686.2055525779724,521984
1687.0776607990265,522240
1687.924131155014,522496
1688.7629249095917,522752
1689.6347951889038,523008
1690.5074203014374,523264
1691.3454678058624,523520
1692.2307832241058,523776
1693.0911288261414,524032
1693.960936307907,524288
1694.8477101325989,524544
1695.7088639736176,524800
1696.5875747203827,525056
1697.4587471485138,525312
1698.3407640457153,525568
1699.1852777004242,525824
1700.042590379715,526080
1700.8830676078796,526336
1701.719132900238,526592
1702.5650959014893,526848
1703.4103436470032,527104
1704.2748594284058,527360
1705.114637374878,527616
1706.072187423706,527872
1706.917622089386,528128
1707.7908136844635,528384
1708.6376557350159,528640
1709.4842216968536,528896
1710.326716184616,529152
1711.2730400562286,529408
1712.1141195297241,529664
1712.962910413742,529920
1713.8191931247711,530176
1714.7008810043335,530432
1715.6012740135193,530688
1716.530968427658,530944
1717.3892316818237,531200
1718.3068625926971,531456
1719.1644744873047,531712
1720.0119369029999,531968
1721.0051581859589,532224
1721.8734488487244,532480
1722.7267191410065,532736
1723.6040699481964,532992
1724.463743686676,533248
1725.3042154312134,533504
1726.2581253051758,533760
1727.1033217906952,534016
1727.9433333873749,534272
1728.7789278030396,534528
1729.6369135379791,534784
1730.5711598396301,535040
1731.4288566112518,535296
1732.2864050865173,535552
1733.1156010627747,535808
1733.934297800064,536064
1734.806753396988,536320
1735.6347479820251,536576
1736.4470336437225,536832
1737.3029339313507,537088
1738.108690738678,537344
1738.9090185165405,537600
1739.7901782989502,537856
1740.593502521515,538112
1741.4514167308807,538368
1742.2855808734894,538624
1743.092003583908,538880
1743.9960734844208,539136
1744.813997745514,539392
1745.6156475543976,539648
1746.5323324203491,539904
1747.3732805252075,540160
1748.2067277431488,540416
1749.0102825164795,540672
1749.8978917598724,540928
1750.7589874267578,541184
1751.5658535957336,541440
1752.4116215705872,541696
1753.2546560764313,541952
1754.085780620575,542208
1754.9175915718079,542464
1755.7324352264404,542720
1756.6190717220306,542976
1757.4529430866241,543232
1758.3086965084076,543488
1759.1404960155487,543744
1759.9509427547455,544000
1760.8002281188965,544256
1761.649491071701,544512
1762.5133578777313,544768
1763.3561279773712,545024
1764.1805803775787,545280
1764.9982368946075,545536
1765.8146994113922,545792
1766.6993653774261,546048
1767.5270116329193,546304
1768.3560285568237,546560
1769.1837375164032,546816
1770.0587320327759,547072
1770.9232487678528,547328
1771.7549328804016,547584
1772.5910272598267,547840
1773.4322469234467,548096
1774.2685697078705,548352
1775.167488336563,548608
1776.0257654190063,548864
1776.870056629181,549120
1777.7050621509552,549376
1778.542286157608,549632
1779.4523975849152,549888
1780.3044118881226,550144
1781.1973345279694,550400
1782.0543773174286,550656
1782.9233901500702,550912
1783.7932436466217,551168
1784.640496969223,551424
1785.4942910671234,551680
1786.3272032737732,551936
1787.1835358142853,552192
1788.0612134933472,552448
1788.9330732822418,552704
1789.8477816581726,552960
1790.7101485729218,553216
1791.5660195350647,553472
1792.4622449874878,553728
1793.331215620041,553984
1794.1796848773956,554240
1795.0215380191803,554496
1795.8860940933228,554752
1796.7442541122437,555008
1797.5930914878845,555264
1798.4311611652374,555520
1799.3017551898956,555776
1800.1380107402802,556032
1800.9840474128723,556288
1801.8837532997131,556544
1802.8155245780945,556800
1803.7186300754547,557056
1804.5594375133514,557312
1805.4261503219604,557568
1806.2363152503967,557824
1807.0388431549072,558080
1807.852271080017,558336
1808.703684091568,558592
1809.5663726329803,558848
1810.3932065963745,559104
1811.2012889385223,559360
1812.0763607025146,559616
1812.904528617859,559872
1813.7120683193207,560128
1814.5610389709473,560384
1815.3891038894653,560640
1816.2267937660217,560896
1817.0505182743073,561152
1817.8644313812256,561408
1818.7297804355621,561664
1819.564509153366,561920
1820.3881242275238,562176
1821.193078994751,562432
1822.0677778720856,562688
1822.911791086197,562944
1823.7371213436127,563200
1824.5433633327484,563456
1825.3829023838043,563712
1826.2135467529297,563968
1827.045458316803,564224
1827.8900213241577,564480
1828.7049133777618,564736
1829.557975769043,564992
1830.400366783142,565248
1831.2156620025635,565504
1832.0746448040009,565760
1832.8792147636414,566016
1833.726764678955,566272
1834.5424950122833,566528
1835.3485262393951,566784
1836.181042432785,567040
1837.0116412639618,567296
1837.8214156627655,567552
1838.685798883438,567808
1839.5105547904968,568064
1840.3151767253876,568320
1841.176298379898,568576
1842.0027685165405,568832
1842.8631930351257,569088
1843.669864654541,569344
1844.5263919830322,569600
1845.365596294403,569856
1846.2207016944885,570112
1847.0359218120575,570368
1847.8944392204285,570624
1848.731610774994,570880
1849.5908160209656,571136
1850.4203951358795,571392
1851.2316942214966,571648
1852.0925524234772,571904
1852.9458484649658,572160
1853.7862038612366,572416
1854.6087563037872,572672
1855.4201335906982,572928
1856.2597358226776,573184
1857.0881400108337,573440
1857.950377702713,573696
1858.8750495910645,573952
1859.7174310684204,574208
1860.5430791378021,574464
1861.3660025596619,574720
1862.2037630081177,574976
1863.0285460948944,575232
1863.9000368118286,575488
1864.6980469226837,575744
1865.5145916938782,576000
1866.355195760727,576256
1867.1583824157715,576512
1868.0150094032288,576768
1868.8235380649567,577024
1869.7384691238403,577280
1870.53826546669,577536
1871.3921625614166,577792
1872.215584039688,578048
1873.0199508666992,578304
1873.875818014145,578560
1874.6783673763275,578816
1875.5145440101624,579072
1876.3326144218445,579328
1877.1374366283417,579584
1877.975334405899,579840
1878.7976806163788,580096
1879.6029579639435,580352
1880.450525045395,580608
1881.305372953415,580864
1882.108387708664,581120
1882.9417881965637,581376
1883.8106462955475,581632
1884.6231272220612,581888
1885.4728322029114,582144
1886.2949883937836,582400
1887.1702971458435,582656
1887.9816634654999,582912
1888.8229281902313,583168
1889.645761013031,583424
1890.4784169197083,583680
1891.3181173801422,583936
1892.1956896781921,584192
1893.007493019104,584448
1893.8217055797577,584704
1894.684115409851,584960
1895.5128321647644,585216
1896.3511157035828,585472
1897.1700868606567,585728
1897.9767928123474,585984
1898.8614506721497,586240
1899.6770992279053,586496
1900.544128894806,586752
1901.3659567832947,587008
1902.176317691803,587264
1903.0189249515533,587520
1903.8508191108704,587776
1904.750604391098,588032
1905.5890536308289,588288
1906.4153032302856,588544
1907.2491147518158,588800
1908.09889960289,589056
1908.9636707305908,589312
1909.8035790920258,589568
1910.6347563266754,589824
1911.4669048786163,590080
1912.299287557602,590336
1913.1145358085632,590592
1914.0172061920166,590848
1914.8747770786285,591104
1915.7331261634827,591360
1916.5803186893463,591616
1917.3971285820007,591872
1918.266928434372,592128
1919.1130545139313,592384
1919.9419136047363,592640
1920.7785773277283,592896
1921.6871914863586,593152
1922.5353953838348,593408
1923.414349079132,593664
1924.267464876175,593920
1925.1163566112518,594176
1925.9667217731476,594432
1926.8041236400604,594688
1927.6434161663055,594944
1928.508303642273,595200
1929.3474764823914,595456
1930.1885499954224,595712
1931.0613522529602,595968
1931.9027020931244,596224
1932.7642345428467,596480
1933.6005549430847,596736
1934.4400687217712,596992
1935.2760393619537,597248
1936.1257061958313,597504
1936.9952170848846,597760
1937.8339841365814,598016
1938.674780368805,598272
1939.51305270195,598528
1940.3729412555695,598784
1941.2215881347656,599040
1942.0612919330597,599296
1942.9758353233337,599552
1943.8440861701965,599808
1944.6912367343903,600064
1945.529085636139,600320
1946.3862812519073,600576
1947.2246742248535,600832
1948.0762469768524,601088
1948.9306342601776,601344
1949.8033533096313,601600
1950.6604087352753,601856
1951.4988915920258,602112
1952.3482625484467,602368
1953.2087848186493,602624
1954.0499377250671,602880
1954.9293057918549,603136
1955.8632740974426,603392
1956.720297574997,603648
1957.5779271125793,603904
1958.4212000370026,604160
1959.285626411438,604416
1960.1262986660004,604672
1960.9792041778564,604928
1961.8510646820068,605184
1962.6815731525421,605440
1963.5166573524475,605696
1964.34814286232,605952
1965.26394033432,606208
1966.1082391738892,606464
1966.9802312850952,606720
1967.8304166793823,606976
1968.7045764923096,607232
1969.5608820915222,607488
1970.422492980957,607744
1971.2696766853333,608000
1972.1531870365143,608256
1972.9627645015717,608512
1973.7703969478607,608768
1974.634551525116,609024
1975.51939535141,609280
1976.327382326126,609536
1977.1689326763153,609792
1977.9839851856232,610048
1978.8606352806091,610304
1979.6664752960205,610560
1980.5114345550537,610816
1981.3451132774353,611072
1982.1851615905762,611328
1983.019323348999,611584
1983.8271334171295,611840
1984.6763036251068,612096
1985.5932376384735,612352
1986.4322929382324,612608
1987.2674052715302,612864
1988.0880568027496,613120
1988.9350843429565,613376
1989.7765679359436,613632
1990.634901046753,613888
1991.4713551998138,614144
1992.3070497512817,614400
1993.1687369346619,614656
1993.9999680519104,614912
1994.8725154399872,615168
1995.7020921707153,615424
1996.5399081707,615680
1997.371149301529,615936
1998.2085444927216,616192
1999.0929381847382,616448
1999.9622480869293,616704
2000.7979791164398,616960
2001.6457362174988,617216
2002.4649770259857,617472
2003.3073840141296,617728
2004.1488089561462,617984
2005.001174211502,618240
2005.8741929531097,618496
2006.711262702942,618752
2007.5735852718353,619008
2008.4084594249725,619264
2009.2573764324188,619520
2010.1201329231262,619776
2010.9517724514008,620032
2011.7937269210815,620288
2012.6295974254608,620544
2013.468079328537,620800
2014.359018087387,621056
2015.196450471878,621312
2016.0608348846436,621568
2016.9077005386353,621824
2017.7601354122162,622080
2018.6868546009064,622336
2019.5266814231873,622592
2020.3872067928314,622848
2021.21182179451,623104
2022.1488525867462,623360
2023.0494730472565,623616
2023.9027273654938,623872
2024.746973991394,624128
2025.5985856056213,624384
2026.4832179546356,624640
2027.3255994319916,624896
2028.3032412528992,625152
2029.1686651706696,625408
2030.0020353794098,625664
2030.8619844913483,625920
2031.698973417282,626176
2032.5677635669708,626432
2033.410845041275,626688
2034.2491023540497,626944
2035.102608203888,627200
2035.9642803668976,627456
2036.849285364151,627712
2037.7280917167664,627968
2038.5966231822968,628224
2039.4573197364807,628480
2040.3198835849762,628736
2041.1657178401947,628992
2042.0076496601105,629248
2042.9089052677155,629504
2043.8396489620209,629760
2044.6857142448425,630016
2045.5372955799103,630272
2046.4283185005188,630528
2047.299528837204,630784
2048.1463136672974,631040
2049.064793109894,631296
2049.971752643585,631552
2050.820956468582,631808
2051.6827054023743,632064
2052.5262401103973,632320
2053.3842487335205,632576
2054.2564663887024,632832
2055.131058216095,633088
2055.9794211387634,633344
2056.822283267975,633600
2057.704544067383,633856
2058.5454864501953,634112
2059.400379896164,634368
2060.3823969364166,634624
2061.2386000156403,634880
2062.0995042324066,635136
2062.9624211788177,635392
2063.8510942459106,635648
2064.6960711479187,635904
2065.5786209106445,636160
2066.4095270633698,636416
2067.36994099617,636672
2068.184091091156,636928
2069.0243303775787,637184
2069.8723912239075,637440
2070.7196192741394,637696
2071.5734457969666,637952
2072.4229481220245,638208
2073.251518011093,638464
2074.107828140259,638720
2074.939154148102,638976
2075.7908432483673,639232
2076.6204268932343,639488
2077.451873779297,639744
2078.3283247947693,640000
2079.171940088272,640256
2080.0262157917023,640512
2080.8705768585205,640768
2081.71125125885,641024
2082.5830245018005,641280
2083.4417877197266,641536
2084.281901359558,641792
2085.118973970413,642048
2085.963358402252,642304
2086.8030364513397,642560
2087.6338193416595,642816
2088.5067839622498,643072
2089.3708789348602,643328
2090.226369857788,643584
2091.069860458374,643840
2091.939271211624,644096
2092.7734966278076,644352
2093.639973640442,644608
2094.4815323352814,644864
2095.3848407268524,645120
2096.2018144130707,645376
2097.1431353092194,645632
2097.9488961696625,645888
2098.7519121170044,646144
2099.641741991043,646400
2100.488022327423,646656
2101.295864343643,646912
2102.1345508098602,647168
2102.960227251053,647424
2103.826647043228,647680
2104.6872696876526,647936
2105.5195660591125,648192
2106.374573469162,648448
2107.2195093631744,648704
2108.0244748592377,648960
2108.86345911026,649216
2109.6925456523895,649472
2110.5382268428802,649728
2111.3470735549927,649984
2112.1792225837708,650240
2113.0171644687653,650496
2113.8423223495483,650752
2114.6862230300903,651008
2115.5153255462646,651264
2116.3380393981934,651520
2117.1843571662903,651776
2118.049197435379,652032
2118.929388523102,652288
2119.7632269859314,652544
2120.6122295856476,652800
2121.443229198456,653056
2122.274831056595,653312
2123.1436309814453,653568
2123.983643770218,653824
2124.7990067005157,654080
2125.7006199359894,654336
2126.514576435089,654592
2127.333375930786,654848
2128.216928243637,655104
2129.079047203064,655360
2129.9380357265472,655616
2130.775051832199,655872
2131.617079257965,656128
2132.4657950401306,656384
2133.3387393951416,656640
2134.206226825714,656896
2135.04838180542,657152
2135.9189031124115,657408
2136.7633476257324,657664
2137.6085135936737,657920
2138.4439029693604,658176
2139.2750055789948,658432
2140.0996453762054,658688
2141.0505719184875,658944
2141.9256982803345,659200
2142.7695875167847,659456
2143.6098160743713,659712
2144.4463448524475,659968
2145.3120498657227,660224
2146.1465611457825,660480
2147.075833797455,660736
2147.921607732773,660992
2148.7534635066986,661248
2149.5923368930817,661504
2150.4556126594543,661760
2151.3196561336517,662016
2152.1543278694153,662272
2153.026929140091,662528
2153.955157518387,662784
2154.843197822571,663040
2155.68453168869,663296
2156.546308040619,663552
2157.382910013199,663808
2158.2136719226837,664064
2159.0374579429626,664320
2159.9028112888336,664576
2160.8250646591187,664832
2161.702517271042,665088
2162.54673743248,665344
2163.3734850883484,665600
2164.2470140457153,665856
2165.1140513420105,666112
2165.9570677280426,666368
2166.8083856105804,666624
2167.7581446170807,666880
2168.6439638137817,667136
2169.5143592357635,667392
2170.3574090003967,667648
2171.219479084015,667904
2172.0618748664856,668160
2172.9648444652557,668416
2173.811707019806,668672
2174.655214548111,668928
2175.498767375946,669184
2176.360776424408,669440
2177.2741198539734,669696
2178.1251039505005,669952
2178.9890649318695,670208
2179.8455679416656,670464
2180.6940643787384,670720
2181.553421974182,670976
2182.4435789585114,671232
2183.30414891243,671488
2184.1529116630554,671744
2184.9930119514465,672000
2185.8977422714233,672256
2186.808188199997,672512
2187.6611721515656,672768
2188.5370779037476,673024
2189.4093339443207,673280
2190.289790868759,673536
2191.1444594860077,673792
2192.0214030742645,674048
2192.870760679245,674304
2193.712165117264,674560
2194.566918373108,674816
2195.4726588726044,675072
2196.3175041675568,675328
2197.1656341552734,675584
2198.0422422885895,675840
2198.9647693634033,676096
2199.8107793331146,676352
2200.6482853889465,676608
2201.507571220398,676864
2202.451000213623,677120
2203.30455827713,677376
2204.1833164691925,677632
2205.04771232605,677888
2205.9419028759003,678144
2206.801708459854,678400
2207.692326068878,678656
2208.553370952606,678912
2209.461730003357,679168
2210.3273537158966,679424
2211.1931478977203,679680
2212.0618212223053,679936
2212.9278507232666,680192
2213.7448201179504,680448
2214.593369960785,680704
2215.4014132022858,680960
2216.276713371277,681216
2217.119738340378,681472
2217.971565723419,681728
2218.7846591472626,681984
2219.6478605270386,682240
2220.4705798625946,682496
2221.3237068653107,682752
2222.2055094242096,683008
2223.062021255493,683264
2223.9326119422913,683520
2224.771936416626,683776
2225.6353089809418,684032
2226.4724583625793,684288
2227.3095853328705,684544
2228.1594610214233,684800
2229.0169360637665,685056
2229.8602344989777,685312
2230.734108686447,685568
2231.582803964615,685824
2232.4257028102875,686080
2233.275946855545,686336
2234.1468591690063,686592
2235.003707408905,686848
2235.8489696979523,687104
2236.7047078609467,687360
2237.544275999069,687616
2238.411851644516,687872
2239.2666158676147,688128
2240.1117334365845,688384
2240.966457605362,688640
2241.8856666088104,688896
2242.6804854869843,689152
2243.5479123592377,689408
2244.3450338840485,689664
2245.226631164551,689920
2246.033730983734,690176
2246.844578266144,690432
2247.641229391098,690688
2248.4347870349884,690944
2249.2550082206726,691200
2250.0526287555695,691456
2250.8861768245697,691712
2251.6863429546356,691968
2252.509318590164,692224
2253.3047709465027,692480
2254.1570084095,692736
2254.9626820087433,692992
2255.8538048267365,693248
2256.71266746521,693504
2257.515767097473,693760
2258.3216366767883,694016
2259.1202154159546,694272
2259.936306476593,694528
2260.737243413925,694784
2261.573142051697,695040
2262.448684692383,695296
2263.250077724457,695552
2264.06636762619,695808
2264.9095170497894,696064
2265.712750196457,696320
2266.5192358493805,696576
2267.3977596759796,696832
2268.2021322250366,697088
2269.0539796352386,697344
2269.8806552886963,697600
2270.6809618473053,697856
2271.5009043216705,698112
2272.3336572647095,698368
2273.174408197403,698624
2273.9820432662964,698880
2274.8313031196594,699136
2275.6709809303284,699392
2276.5270109176636,699648
2277.3323278427124,699904
2278.1815621852875,700160
2279.010236263275,700416
2279.8437411785126,700672
2280.6557202339172,700928
2281.485468864441,701184
2282.3756363391876,701440
2283.236258983612,701696
2284.0731937885284,701952
2284.9268350601196,702208
2285.7407529354095,702464
2286.5963978767395,702720
2287.432942390442,702976
2288.279494524002,703232
2289.1230249404907,703488
2289.975414276123,703744
2290.817967891693,704000
2291.669685125351,704256
2292.5277042388916,704512
2293.3906769752502,704768
2294.2033121585846,705024
2295.0637934207916,705280
2295.899724006653,705536
2296.7457823753357,705792
2297.6371846199036,706048
2298.4817814826965,706304
2299.3402609825134,706560
2300.17263174057,706816
2301.038806915283,707072
2301.9065968990326,707328
2302.775851726532,707584
2303.628051519394,707840
2304.475465297699,708096
2305.3141918182373,708352
2306.1480388641357,708608
2306.977764606476,708864
2307.8211481571198,709120
2308.6889379024506,709376
2309.5001316070557,709632
2310.3041801452637,709888
2311.136620759964,710144
2312.0151450634003,710400
2312.8144731521606,710656
2313.696084022522,710912
2314.533634662628,711168
2315.3671095371246,711424
2316.1745693683624,711680
2317.018828392029,711936
2317.8516511917114,712192
2318.675426006317,712448
2319.500348806381,712704
2320.3411962985992,712960
2321.2994961738586,713216
2322.152729511261,713472
2322.981246471405,713728
2323.8110547065735,713984
2324.654171705246,714240
2325.4979219436646,714496
2326.3310050964355,714752
2327.143151283264,715008
2327.9930198192596,715264
2328.8907227516174,715520
2329.748382091522,715776
2330.5818462371826,716032
2331.435883283615,716288
2332.2912447452545,716544
2333.140424966812,716800
2334.0157356262207,717056
2334.8278861045837,717312
2335.695451259613,717568
2336.5767838954926,717824
2337.413433074951,718080
2338.283643722534,718336
2339.118186712265,718592
2339.974186182022,718848
2340.8201422691345,719104
2341.6734273433685,719360
2342.514895439148,719616
2343.3652300834656,719872
2344.210192680359,720128
2345.0417623519897,720384
2345.88555765152,720640
2346.7183401584625,720896
2347.576586484909,721152
2348.4284970760345,721408
2349.2685577869415,721664
2350.1552493572235,721920
2350.9904000759125,722176
2351.821375608444,722432
2352.676289319992,722688
2353.520354270935,722944
2354.373028278351,723200
2355.3033225536346,723456
2356.137398004532,723712
2357.0068197250366,723968
2357.8458087444305,724224
2358.717545032501,724480
2359.563984155655,724736
2360.413398742676,724992
2361.2638125419617,725248
2362.1323318481445,725504
2362.9789702892303,725760
2363.8339426517487,726016
2364.685613632202,726272
2365.5198686122894,726528
2366.3690514564514,726784
2367.2558541297913,727040
2368.1107637882233,727296
2368.991690158844,727552
2369.83775472641,727808
2370.7376987934113,728064
2371.6373274326324,728320
2372.506411790848,728576
2373.3656437397003,728832
2374.264675617218,729088
2375.1979365348816,729344
2376.0587430000305,729600
2376.9234597682953,729856
2377.769612789154,730112
2378.71884560585,730368
2379.5784482955933,730624
2380.4618587493896,730880
2381.3085627555847,731136
2382.194210767746,731392
2383.0285427570343,731648
2383.8699610233307,731904
2384.727780342102,732160
2385.5920481681824,732416
2386.493966817856,732672
2387.424115896225,732928
2388.317433834076,733184
2389.208115339279,733440
2390.050986289978,733696
2390.962091445923,733952
2391.8565142154694,734208
2392.7098870277405,734464
2393.553137779236,734720
2394.4218208789825,734976
2395.355548620224,735232
2396.2054891586304,735488
2397.0801594257355,735744
2397.9256517887115,736000
2398.842048406601,736256
2399.6752989292145,736512
2400.5380005836487,736768
2401.503939628601,737024
2402.3531148433685,737280
2403.224229335785,737536
2404.0424721240997,737792
2404.885986328125,738048
2405.758823156357,738304
2406.5869438648224,738560
2407.4589972496033,738816
2408.2890951633453,739072
2409.1240792274475,739328
2409.9804627895355,739584
2410.820446252823,739840
2411.6564543247223,740096
2412.487118959427,740352
2413.423068523407,740608
2414.2509455680847,740864
2415.105016708374,741120
2415.992787361145,741376
2416.924440383911,741632
2417.763415336609,741888
2418.6369321346283,742144
2419.4730999469757,742400
2420.3718724250793,742656
2421.21763420105,742912
2422.083053588867,743168
2422.940018415451,743424
2423.796738386154,743680
2424.654967546463,743936
2425.5762243270874,744192
2426.449196577072,744448
2427.312106370926,744704
2428.152473926544,744960
2429.00843167305,745216
2429.880006313324,745472
2430.730030298233,745728
2431.572967529297,745984
2432.4165971279144,746240
2433.2702753543854,746496
2434.187714576721,746752
2435.036504507065,747008
2435.8819086551666,747264
2436.77960062027,747520
2437.638990879059,747776
2438.476632118225,748032
2439.3335955142975,748288
2440.2170474529266,748544
2441.098755836487,748800
2441.9561154842377,749056
2442.8436846733093,749312
2443.6921396255493,749568
2444.5425431728363,749824
2445.3908631801605,750080
2446.35085606575,750336
2447.2145297527313,750592
2448.069305896759,750848
2448.927422761917,751104
2449.7985072135925,751360
2450.675867319107,751616
2451.523845911026,751872
2452.457113981247,752128
2453.325203180313,752384
2454.183657646179,752640
2455.0493474006653,752896
2455.910002231598,753152
2456.7357337474823,753408
2457.5829243659973,753664
2458.3915252685547,753920
2459.213376760483,754176
2460.060177087784,754432
2460.8565452098846,754688
2461.6507365703583,754944
2462.4450917243958,755200
2463.244197368622,755456
2464.0820758342743,755712
2464.882187128067,755968
2465.6726117134094,756224
2466.4722957611084,756480
2467.2665820121765,756736
2468.0608372688293,756992
2468.938039302826,757248
2469.737416744232,757504
2470.5373373031616,757760
2471.3424456119537,758016
2472.1360862255096,758272
2473.0064074993134,758528
2473.801732778549,758784
2474.599620103836,759040
2475.4422986507416,759296
2476.239486217499,759552
2477.0763425827026,759808
2477.8810107707977,760064
2478.6753902435303,760320
2479.4946627616882,760576
2480.2882618904114,760832
2481.129995584488,761088
2481.923232793808,761344
2482.789370536804,761600
2483.5852603912354,761856
2484.418303966522,762112
2485.2215316295624,762368
2486.056180715561,762624
2486.852656364441,762880
2487.7152700424194,763136
2488.5097980499268,763392
2489.3321158885956,763648
2490.126989841461,763904
2490.930975675583,764160
2491.728877544403,764416
2492.5673365592957,764672
2493.3658633232117,764928
2494.240551710129,765184
2495.035833835602,765440
2495.8909912109375,765696
2496.6890337467194,765952
2497.509839773178,766208
2498.310073375702,766464
2499.1699516773224,766720
2500.030944108963,766976
2500.834851503372,767232
2501.6597044467926,767488
2502.4656484127045,767744
2503.305440187454,768000
2504.1684851646423,768256
2504.9708337783813,768512
2505.8089900016785,768768
2506.612690448761,769024
2507.438688516617,769280
2508.2684388160706,769536
2509.0897128582,769792
2509.918526172638,770048
2510.7510204315186,770304
2511.556681394577,770560
2512.4302365779877,770816
2513.2577147483826,771072
2514.101688146591,771328
2514.907902240753,771584
2515.740380525589,771840
2516.583062171936,772096
2517.387800216675,772352
2518.2531428337097,772608
2519.0835902690887,772864
2519.9469730854034,773120
2520.7726533412933,773376
2521.5809507369995,773632
2522.4191620349884,773888
2523.2335057258606,774144
2524.1171803474426,774400
2524.9476046562195,774656
2525.7568604946136,774912
2526.5860393047333,775168
2527.4268271923065,775424
2528.2493183612823,775680
2529.0728013515472,775936
2529.900464773178,776192
2530.7209651470184,776448
2531.615301847458,776704
2532.4551861286163,776960
2533.3009305000305,777216
2534.1543097496033,777472
2534.985680580139,777728
2535.8328080177307,777984
2536.674203634262,778240
2537.51899600029,778496
2538.418361902237,778752
2539.243367910385,779008
2540.076637029648,779264
2540.900600194931,779520
2541.7539913654327,779776
2542.5794806480408,780032
2543.4540750980377,780288
2544.297707796097,780544
2545.168536901474,780800
2546.0057187080383,781056
2546.8502259254456,781312
2547.6963753700256,781568
2548.5327067375183,781824
2549.4327445030212,782080
2550.2732450962067,782336
2551.118257522583,782592
2551.9706797599792,782848
2552.858339071274,783104
2553.6897008419037,783360
2554.5231091976166,783616
2555.429937839508,783872
2556.2782125473022,784128
2557.1285581588745,784384
2557.975364923477,784640
2558.8360602855682,784896
2559.6852185726166,785152
2560.56383228302,785408
2561.4815599918365,785664
2562.315689086914,785920
2563.206587076187,786176
2564.086820602417,786432
2564.940343618393,786688
2565.8600282669067,786944
2566.7085757255554,787200
2567.6292407512665,787456
2568.489763736725,787712
2569.348527431488,787968
2570.281941652298,788224
2571.121694087982,788480
2571.9705018997192,788736
2572.8186733722687,788992
2573.772625207901,789248
2574.6407186985016,789504
2575.5078711509705,789760
2576.393056154251,790016
2577.277424812317,790272
2578.133670568466,790528
2579.004712343216,790784
2579.9187819957733,791040
2580.759651660919,791296
2581.623570919037,791552
2582.5323827266693,791808
2583.433729171753,792064
2584.3079879283905,792320
2585.1852476596832,792576
2586.033136844635,792832
2586.888475894928,793088
2587.8380002975464,793344
2588.689939260483,793600
2589.5799577236176,793856
2590.464275598526,794112
2591.338453054428,794368
2592.1871209144592,794624
2593.0664632320404,794880
2593.9168152809143,795136
2594.7975838184357,795392
2595.65628862381,795648
2596.564125061035,795904
2597.442800760269,796160
2598.3179099559784,796416
2599.2197399139404,796672
2600.0895607471466,796928
2600.964924097061,797184
2601.841221809387,797440
2602.7310683727264,797696
2603.6090817451477,797952
2604.455249071121,798208
2605.3601610660553,798464
2606.2212302684784,798720
2607.0757393836975,798976
2608.067971229553,799232
2608.932677745819,799488
2609.790631532669,799744
2610.675878763199,800000
2611.5321645736694,800256
2612.398489713669,800512
2613.288558959961,800768
2614.1408574581146,801024
2615.0045976638794,801280
2615.9266769886017,801536
2616.797348022461,801792
2617.6360919475555,802048
2618.5436749458313,802304
2619.3821229934692,802560
2620.214984893799,802816
2621.150688648224,803072
2622.0670301914215,803328
2622.936355829239,803584
2623.857856988907,803840
2624.7270340919495,804096
2625.5913932323456,804352
2626.4516513347626,804608
2627.3087344169617,804864
2628.2084815502167,805120
2629.0116744041443,805376
2629.811769723892,805632
2630.6115217208862,805888
2631.412068128586,806144
2632.2652657032013,806400
2633.059700489044,806656
2633.935638666153,806912
2634.739990711212,807168
2635.633471250534,807424
2636.44447183609,807680
2637.270258665085,807936
2638.076668024063,808192
2638.9020133018494,808448
2639.7004828453064,808704
2640.5319304466248,808960
2641.3688535690308,809216
2642.168928384781,809472
2643.0411293506622,809728
2643.84285902977,809984
2644.6819412708282,810240
2645.4862682819366,810496
2646.2883999347687,810752
2647.1049506664276,811008
2647.95720911026,811264
2648.8140540122986,811520
2649.6392385959625,811776
2650.448033094406,812032
2651.2784667015076,812288
2652.1000485420227,812544
2652.8990750312805,812800
2653.731216430664,813056
2654.5922718048096,813312
2655.3941547870636,813568
2656.2697608470917,813824
2657.141811609268,814080
2657.951359987259,814336
2658.80272769928,814592
2659.5955667495728,814848
2660.3838272094727,815104
2661.1772820949554,815360
2661.9676699638367,815616
2662.7610676288605,815872
2663.5497822761536,816128
2664.341246843338,816384
2665.1168084144592,816640
2665.905665397644,816896
2666.6820023059845,817152
2667.460124731064,817408
2668.2407598495483,817664
2669.025609731674,817920
2669.803691625595,818176
2670.5934097766876,818432
2671.3807275295258,818688
2672.1613216400146,818944
2672.950972557068,819200
2673.752781391144,819456
2674.5397565364838,819712
2675.318495988846,819968
2676.0991361141205,820224
2676.8799662590027,820480
2677.6583988666534,820736
2678.441308736801,820992
2679.2207367420197,821248
2680.004328250885,821504
2680.8157765865326,821760
2681.602772951126,822016
2682.3887186050415,822272
2683.1695351600647,822528
2683.94926071167,822784
2684.7689859867096,823040
2685.550806045532,823296
2686.3665640354156,823552
2687.1605031490326,823808
2687.940458059311,824064
2688.7265498638153,824320
2689.573827981949,824576
2690.365282058716,824832
2691.148306131363,825088
2691.933045864105,825344
2692.720517396927,825600
2693.501113653183,825856
2694.298897743225,826112
2695.078712940216,826368
2695.918530702591,826624
2696.7033665180206,826880
2697.488007545471,827136
2698.270919561386,827392
2699.0900979042053,827648
2699.8788137435913,827904
2700.6619958877563,828160
2701.445410013199,828416
2702.2297189235687,828672
2703.0119626522064,828928
2703.815771341324,829184
2704.603269100189,829440
2705.3850269317627,829696
2706.1785168647766,829952
2706.966231107712,830208
2707.7524828910828,830464
2708.662805557251,830720
2709.467998981476,830976
2710.2762491703033,831232
2711.062951564789,831488
2711.8799962997437,831744
2712.6669874191284,832000
2713.507879972458,832256
2714.297291278839,832512
2715.1489634513855,832768
2715.941373348236,833024
2716.7319316864014,833280
2717.5204105377197,833536
2718.3687913417816,833792
2719.1600983142853,834048
2719.951751232147,834304
2720.7917573451996,834560
2721.5821330547333,834816
2722.3751797676086,835072
2723.221510410309,835328
2724.0121273994446,835584
2724.808986902237,835840
2725.682578086853,836096
2726.471274137497,836352
2727.400538921356,836608
2728.1947338581085,836864
2729.0137100219727,837120
2729.8304216861725,837376
2730.6433374881744,837632
2731.458304166794,837888
2732.262617588043,838144
2733.0645780563354,838400
2733.882910490036,838656
2734.686071872711,838912
2735.516942024231,839168
2736.3167374134064,839424
2737.1897373199463,839680
2737.9862627983093,839936
2738.831295490265,840192
2739.6379919052124,840448
2740.5445523262024,840704
2741.389509677887,840960
2742.2373337745667,841216
2743.056141138077,841472
2743.9062225818634,841728
2744.7429168224335,841984
2745.6053445339203,842240
2746.4116044044495,842496
2747.259337902069,842752
2748.0646986961365,843008
2748.9076166152954,843264
2749.751921892166,843520
2750.5592815876007,843776
2751.4015061855316,844032
2752.279839038849,844288
2753.0888991355896,844544
2753.9429211616516,844800
2754.783676624298,845056
2755.6231923103333,845312
2756.4334955215454,845568
2757.2823462486267,845824
2758.111452817917,846080
2758.972887992859,846336
2759.783064365387,846592
2760.661559343338,846848
2761.5004341602325,847104
2762.336994409561,847360
2763.1826531887054,847616
2764.0426840782166,847872
2764.8539986610413,848128
2765.697324037552,848384
2766.566320180893,848640
2767.4050121307373,848896
2768.2523579597473,849152
2769.094605445862,849408
2769.952821969986,849664
2770.807210922241,849920
2771.6563291549683,850176
2772.508321046829,850432
2773.352302312851,850688
2774.209602832794,850944
2775.043936729431,851200
2775.883857727051,851456
2776.731136083603,851712
2777.583416223526,851968
2778.4179363250732,852224
2779.2600224018097,852480
2780.1485493183136,852736
2781.0285601615906,852992
2781.849625825882,853248
2782.79158616066,853504
2783.6483113765717,853760
2784.488967180252,854016
2785.3280794620514,854272
2786.1703267097473,854528
2787.033721923828,854784
2787.872631788254,855040
2788.7315237522125,855296
2789.5711801052094,855552
2790.4176836013794,855808
2791.2644300460815,856064
2792.0999846458435,856320
2792.9402272701263,856576
2793.7873520851135,856832
2794.626538991928,857088
2795.4699754714966,857344
2796.301252603531,857600
2797.141207933426,857856
2797.9862360954285,858112
2798.992834329605,858368
2799.838730573654,858624
2800.6829705238342,858880
2801.5046429634094,859136
2802.336059331894,859392
2803.1656119823456,859648
2803.990420103073,859904
2804.909077644348,860160
2805.728670358658,860416
2806.5639719963074,860672
2807.4450986385345,860928
2808.3535964488983,861184
2809.1967375278473,861440
2810.054019212723,861696
2810.9654359817505,861952
2811.814300775528,862208
2812.707750082016,862464
2813.574088573456,862720
2814.4514694213867,862976
2815.3283076286316,863232
2816.1926283836365,863488
2817.0135979652405,863744
2817.871171474457,864000
2818.7174973487854,864256
2819.578001976013,864512
2820.411673307419,864768
2821.2792551517487,865024
2822.1442635059357,865280
2823.028557777405,865536
2823.8918719291687,865792
2824.754975795746,866048
2825.6109182834625,866304
2826.602020263672,866560
2827.4526467323303,866816
2828.3451368808746,867072
2829.2060964107513,867328
2830.1676404476166,867584
2831.012524366379,867840
2831.8808710575104,868096
2832.7702770233154,868352
2833.6510910987854,868608
2834.48913025856,868864
2835.3434705734253,869120
2836.1852469444275,869376
2837.0757966041565,869632
2837.914097070694,869888
2838.750327348709,870144
2839.6624047756195,870400
2840.498558998108,870656
2841.3390216827393,870912
2842.2200944423676,871168
2843.076374053955,871424
2843.954274892807,871680
2844.80482506752,871936
2845.6563465595245,872192
2846.5174980163574,872448
2847.3588087558746,872704
2848.1964807510376,872960
2849.073714494705,873216
2849.964000940323,873472
2850.8166584968567,873728
2851.6714766025543,873984
2852.5191597938538,874240
2853.374707221985,874496
2854.2972750663757,874752
2855.1802430152893,875008
2856.0181608200073,875264
2856.8872549533844,875520
2857.751272201538,875776
2858.628216266632,876032
2859.494387149811,876288
2860.3965570926666,876544
2861.2502126693726,876800
2862.1199390888214,877056
2862.9933326244354,877312
2863.834654569626,877568
2864.7566545009613,877824
2865.6024162769318,878080
2866.523640871048,878336
2867.442603826523,878592
2868.3190093040466,878848
2869.2417047023773,879104
2870.1114840507507,879360
2870.980931043625,879616
2871.908991098404,879872
2872.771879673004,880128
2873.6330285072327,880384
2874.4839799404144,880640
2875.3657371997833,880896
2876.2120366096497,881152
2877.0492749214172,881408
2877.9756441116333,881664
2878.843966960907,881920
2879.6824073791504,882176
2880.536235809326,882432
2881.421645641327,882688
2882.2640800476074,882944
2883.1311984062195,883200
2884.025346517563,883456
2884.8620054721832,883712
2885.709836244583,883968
2886.5467467308044,884224
2887.387889146805,884480
2888.295382499695,884736
2889.1455194950104,884992
2889.989095926285,885248
2890.862725496292,885504
2891.717791080475,885760
2892.57847905159,886016
2893.462483882904,886272
2894.3208894729614,886528
2895.1755237579346,886784
2896.025848865509,887040
2896.858754634857,887296
2897.7309653759003,887552
2898.6755290031433,887808
2899.5271694660187,888064
2900.380657196045,888320
2901.218467235565,888576
2902.062330007553,888832
2902.941309928894,889088
2903.839819908142,889344
2904.7051939964294,889600
2905.5546069145203,889856
2906.4385645389557,890112
2907.3025810718536,890368
2908.147263765335,890624
2909.0039451122284,890880
2909.93967795372,891136
2910.79727268219,891392
2911.6524362564087,891648
2912.534031152725,891904
2913.4259519577026,892160
2914.3025574684143,892416
2915.183764219284,892672
2916.060232400894,892928
2916.9406394958496,893184
2917.7828528881073,893440
2918.651179790497,893696
2919.5237119197845,893952
2920.4011228084564,894208
2921.2728826999664,894464
2922.1293432712555,894720
2922.9960474967957,894976
2923.8565068244934,895232
2924.7211179733276,895488
2925.602727651596,895744
2926.468265771866,896000
2927.3723859786987,896256
2928.218870162964,896512
2929.067254304886,896768
2929.9178602695465,897024
2930.7840099334717,897280
2931.6490511894226,897536
2932.5023448467255,897792
2933.3465876579285,898048
2934.2392728328705,898304
2935.0930454730988,898560
2935.934572696686,898816
2936.86283993721,899072
2937.759613752365,899328
2938.6196298599243,899584
2939.4723081588745,899840
2940.3561012744904,900096
2941.2051463127136,900352
2942.070430278778,900608
2942.9293377399445,900864
2943.811930179596,901120
2944.6993458271027,901376
2945.562651157379,901632
2946.494296312332,901888
2947.336810350418,902144
2948.2051980495453,902400
2949.059752225876,902656
2949.954652070999,902912
2950.79846906662,903168
2951.6301991939545,903424
2952.5274283885956,903680
2953.420596599579,903936
2954.288809299469,904192
2955.1319625377655,904448
2956.043113708496,904704
2956.8975641727448,904960
2957.738262653351,905216
2958.594174385071,905472
2959.5075557231903,905728
2960.382799386978,905984
2961.245315551758,906240
2962.155372619629,906496
2963.001741886139,906752
2963.9071362018585,907008
2964.8371336460114,907264
2965.737814426422,907520
2966.6082072257996,907776
2967.487724542618,908032
2968.351619243622,908288
2969.2131130695343,908544
2970.149742126465,908800
2971.002474308014,909056
2971.866263628006,909312
2972.793775320053,909568
2973.6808109283447,909824
2974.5853791236877,910080
2975.476047515869,910336
2976.324641227722,910592
2977.174647331238,910848
2978.0299496650696,911104
2978.928411960602,911360
2979.7972886562347,911616
2980.6542530059814,911872
2981.605626106262,912128
2982.4818782806396,912384
2983.3260550498962,912640
2984.214861392975,912896
2985.1363122463226,913152
2985.9811086654663,913408
2986.836853504181,913664
2987.7012510299683,913920
2988.608932495117,914176
2989.574998855591,914432
2990.44642329216,914688
2991.305225610733,914944
2992.213918685913,915200
2993.06786775589,915456
2993.9598984718323,915712
2994.868630170822,915968
2995.7479989528656,916224
2996.604108810425,916480
2997.485538005829,916736
2998.4128324985504,916992
2999.2589905261993,917248
3000.119071006775,917504
3000.966145992279,917760
3001.8448309898376,918016
3002.7191269397736,918272
3003.6132888793945,918528
3004.4357233047485,918784
3005.2951402664185,919040
3006.152072906494,919296
3007.0399413108826,919552
3007.8724341392517,919808
3008.7124688625336,920064
3009.5533215999603,920320
3010.387249469757,920576
3011.228564977646,920832
3012.0596833229065,921088
3012.912115573883,921344
3013.7167661190033,921600
3014.517300605774,921856
3015.3311314582825,922112
3016.2471952438354,922368
3017.0589623451233,922624
3017.9668781757355,922880
3018.791132211685,923136
3019.594019174576,923392
3020.417501926422,923648
3021.2216913700104,923904
3022.0833072662354,924160
3022.913187265396,924416
3023.720426797867,924672
3024.5927567481995,924928
3025.3992331027985,925184
3026.2618091106415,925440
3027.0654249191284,925696
3027.905164718628,925952
3028.8071506023407,926208
3029.611207962036,926464
3030.461186170578,926720
3031.2635967731476,926976
3032.124678373337,927232
3032.950213432312,927488
3033.800626039505,927744
3034.633130311966,928000
3035.494751930237,928256
3036.3313660621643,928512
3037.1538319587708,928768
3037.956200838089,929024
3038.8105766773224,929280
3039.6813504695892,929536
3040.5153279304504,929792
3041.376818418503,930048
3042.202998161316,930304
3043.066214799881,930560
3043.873634815216,930816
3044.777955055237,931072
3045.588353872299,931328
3046.492784023285,931584
3047.3248212337494,931840
3048.1292221546173,932096
3048.949585199356,932352
3049.753026485443,932608
3050.602346420288,932864
3051.4146609306335,933120
3052.217480659485,933376
3053.0737657546997,933632
3053.8768062591553,933888
3054.7404239177704,934144
3055.5549104213715,934400
3056.424933195114,934656
3057.245831489563,934912
3058.0483956336975,935168
3058.8895552158356,935424
3059.691465139389,935680
3060.510145664215,935936
3061.3357932567596,936192
3062.139917373657,936448
3062.971410512924,936704
3063.7721445560455,936960
3064.6180412769318,937216
3065.439590215683,937472
3066.266033887863,937728
3067.1554040908813,937984
3067.9598190784454,938240
3068.8282737731934,938496
3069.6327896118164,938752
3070.5225319862366,939008
3071.340402841568,939264
3072.141686439514,939520
3072.9943749904633,939776
3073.8159215450287,940032
3074.6447591781616,940288
3075.4662730693817,940544
3076.2763340473175,940800
3077.1434140205383,941056
3077.951763153076,941312
3078.8157358169556,941568
3079.6482498645782,941824
3080.4608454704285,942080
3081.295535326004,942336
3082.194654941559,942592
3083.051356077194,942848
3083.8550758361816,943104
3084.711951494217,943360
3085.5668530464172,943616
3086.380670070648,943872
3087.212965488434,944128
3088.085768222809,944384
3088.931184053421,944640
3089.802086830139,944896
3090.607656478882,945152
3091.463409423828,945408
3092.2690708637238,945664
3093.1015372276306,945920
3093.9441254138947,946176
3094.741379261017,946432
3095.616333246231,946688
3096.4364240169525,946944
3097.251184940338,947200
3098.056221485138,947456
3098.8876855373383,947712
3099.7240929603577,947968
3100.528020620346,948224
3101.3987896442413,948480
3102.1977396011353,948736
3103.038524389267,948992
3103.8633248806,949248
3104.664579629898,949504
3105.501651763916,949760
3106.3098788261414,950016
3107.150243997574,950272
3107.976813554764,950528
3108.7754838466644,950784
3109.618855237961,951040
3110.4249589443207,951296
3111.2798964977264,951552
3112.1091871261597,951808
3112.908480644226,952064
3113.7777955532074,952320
3114.577534198761,952576
3115.45179271698,952832
3116.2508068084717,953088
3117.070084095001,953344
3117.9823846817017,953600
3118.783800125122,953856
3119.635951280594,954112
3120.4400980472565,954368
3121.2751104831696,954624
3122.106078147888,954880
3122.9035687446594,955136
3123.7742455005646,955392
3124.646924972534,955648
3125.5204503536224,955904
3126.3712735176086,956160
3127.1760852336884,956416
3128.002061843872,956672
3128.8160927295685,956928
3129.6201436519623,957184
3130.4208381175995,957440
3131.2684400081635,957696
3132.1047644615173,957952
3132.9051718711853,958208
3133.745080947876,958464
3134.5451736450195,958720
3135.3705711364746,958976
3136.1880645751953,959232
3136.98898935318,959488
3137.8224687576294,959744
3138.626464366913,960000
3139.4544637203217,960256
3140.2650396823883,960512
3141.0736634731293,960768
3141.9029262065887,961024
3142.7066733837128,961280
3143.539523601532,961536
3144.3503680229187,961792
3145.191411972046,962048
3145.9993574619293,962304
3146.7981350421906,962560
3147.645470380783,962816
3148.455892086029,963072
3149.3477268218994,963328
3150.168215036392,963584
3150.97607755661,963840
3151.814861059189,964096
3152.6229515075684,964352
3153.4786670207977,964608
3154.301059961319,964864
3155.097182750702,965120
3155.95272397995,965376
3156.7589049339294,965632
3157.581027507782,965888
3158.390955209732,966144
3159.229013442993,966400
3160.059515953064,966656
3160.859662294388,966912
3161.7319288253784,967168
3162.535088777542,967424
3163.427523136139,967680
3164.254333257675,967936
3165.068074941635,968192
3165.909334421158,968448
3166.710640192032,968704
3167.564870119095,968960
3168.377585887909,969216
3169.184239387512,969472
3170.0090520381927,969728
3170.8249747753143,969984
3171.6643640995026,970240
3172.485072374344,970496
3173.3153438568115,970752
3174.1414115428925,971008
3174.9461953639984,971264
3175.7881348133087,971520
3176.590059041977,971776
3177.437569141388,972032
3178.259761571884,972288
3179.0625212192535,972544
3179.882443666458,972800
3180.6837587356567,973056
3181.573053598404,973312
3182.4204771518707,973568
3183.226061820984,973824
3184.0666649341583,974080
3184.8724138736725,974336
3185.725663661957,974592
3186.5326948165894,974848
3187.362453699112,975104
3188.195756673813,975360
3188.995202064514,975616
3189.8406386375427,975872
3190.6476514339447,976128
3191.5082697868347,976384
3192.331516981125,976640
3193.133339881897,976896
3193.9579083919525,977152
3194.765392303467,977408
3195.585949420929,977664
3196.46919965744,977920
3197.265929222107,978176
3198.1134679317474,978432
3198.9160299301147,978688
3199.755428791046,978944
3200.5565226078033,979200
3201.392811536789,979456
3202.2712502479553,979712
3203.0796988010406,979968
3203.9690260887146,980224
3204.7725846767426,980480
3205.6836774349213,980736
3206.505152463913,980992
3207.3340344429016,981248
3208.171553850174,981504
3209.0216426849365,981760
3209.8511197566986,982016
3210.721811056137,982272
3211.5300171375275,982528
3212.4183852672577,982784
3213.218918323517,983040
3214.0589175224304,983296
3214.862441778183,983552
3215.7093279361725,983808
3216.530846595764,984064
3217.333221912384,984320
3218.2291555404663,984576
3219.027886390686,984832
3219.8520827293396,985088
3220.676036834717,985344
3221.474310874939,985600
3222.351451396942,985856
3223.1638448238373,986112
3224.007486104965,986368
3224.829168319702,986624
3225.63116312027,986880
3226.485575199127,987136
3227.287292957306,987392
3228.128603696823,987648
3228.9402997493744,987904
3229.8043484687805,988160
3230.6231813430786,988416
3231.4250781536102,988672
3232.2693948745728,988928
3233.0719695091248,989184
3233.901435136795,989440
3234.728889465332,989696
3235.5347163677216,989952
3236.3712134361267,990208
3237.1724824905396,990464
3238.0044271945953,990720
3238.8100163936615,990976
3239.6105740070343,991232
3240.5013065338135,991488
3241.3263709545135,991744
3242.127229452133,992000
3243.020594358444,992256
3243.8343737125397,992512
3244.6694362163544,992768
3245.473263978958,993024
3246.276929616928,993280
3247.1395807266235,993536
3248.0585634708405,993792
3248.8626420497894,994048
3249.7678530216217,994304
3250.6146392822266,994560
3251.428900241852,994816
3252.2658076286316,995072
3253.1507008075714,995328
3253.9554760456085,995584
3254.7858426570892,995840
3255.660935163498,996096
3256.468718767166,996352
3257.3434748649597,996608
3258.175575017929,996864
3259.0096027851105,997120
3259.817084312439,997376
3260.6575078964233,997632
3261.4863455295563,997888
3262.296516895294,998144
3263.124331474304,998400
3263.9572191238403,998656
3264.7895879745483,998912
3265.5937452316284,999168
3266.467876434326,999424
3267.2829973697662,999680
3268.133234500885,999936
3268.9515373706818,1000192
3269.8051578998566,1000448
3270.6260056495667,1000704
3271.4656524658203,1000960
3272.2756984233856,1001216
3273.1249248981476,1001472
3273.9532907009125,1001728
3274.7884814739227,1001984
3275.597578763962,1002240
3276.4533290863037,1002496
3277.280070543289,1002752
3278.1037023067474,1003008
3278.9181571006775,1003264
3279.8044509887695,1003520
3280.6398255825043,1003776
3281.4724349975586,1004032
3282.3221428394318,1004288
3283.134073972702,1004544
3283.9740691184998,1004800
3284.869330406189,1005056
3285.711888074875,1005312
3286.5464384555817,1005568
3287.3773016929626,1005824
3288.2372341156006,1006080
3289.1025953292847,1006336
3289.972234725952,1006592
3290.7934699058533,1006848
3291.6169118881226,1007104
3292.4271290302277,1007360
3293.273666858673,1007616
3294.105126142502,1007872
3294.9671425819397,1008128
3295.810826063156,1008384
3296.6635251045227,1008640
3297.500301837921,1008896
3298.3151643276215,1009152
3299.166492700577,1009408
3300.0076348781586,1009664
3300.841317653656,1009920
3301.684796333313,1010176
3302.516769170761,1010432
3303.4033336639404,1010688
3304.213625907898,1010944
3305.071984052658,1011200
3305.910154104233,1011456
3306.7331144809723,1011712
3307.5699932575226,1011968
3308.4565875530243,1012224
3309.3110933303833,1012480
3310.1536016464233,1012736
3311.0077228546143,1012992
3311.84015083313,1013248
3312.654938220978,1013504
3313.592264175415,1013760
3314.387882709503,1014016
3315.1860823631287,1014272
3315.9850137233734,1014528
3316.8436069488525,1014784
3317.6493463516235,1015040
3318.4762189388275,1015296
3319.278832912445,1015552
3320.1346559524536,1015808
3320.947243452072,1016064
3321.7504715919495,1016320
3322.5734074115753,1016576
3323.3733327388763,1016832
3324.197669029236,1017088
3325.005227088928,1017344
3325.883625268936,1017600
3326.684556722641,1017856
3327.5287761688232,1018112
3328.334100484848,1018368
3329.1632952690125,1018624
3330.0114648342133,1018880
3330.8198730945587,1019136
3331.655154943466,1019392
3332.4650321006775,1019648
3333.302920103073,1019904
3334.0996420383453,1020160
3334.9509885311127,1020416
3335.7694091796875,1020672
3336.573627948761,1020928
3337.4017148017883,1021184
3338.2042133808136,1021440
3339.027182340622,1021696
3339.8505454063416,1021952
3340.6539902687073,1022208
3341.5526583194733,1022464
3342.3545875549316,1022720
3343.195863723755,1022976
3344.0294556617737,1023232
3344.8333015441895,1023488
3345.6508882045746,1023744
3346.454190015793,1024000
3347.2806556224823,1024256
3348.0751645565033,1024512
3348.8775844573975,1024768
3349.7592329978943,1025024
3350.5804481506348,1025280
3351.387997150421,1025536
3352.2435529232025,1025792
3353.044488430023,1026048
3353.912346124649,1026304
3354.716335296631,1026560
3355.5226905345917,1026816
3356.3852214813232,1027072
3357.208366394043,1027328
3358.0115988254547,1027584
3358.8644757270813,1027840
3359.6913769245148,1028096
3360.4987094402313,1028352
3361.4082083702087,1028608
3362.242339849472,1028864
3363.0445368289948,1029120
3363.898431777954,1029376
3364.7596893310547,1029632
3365.5670516490936,1029888
3366.486878156662,1030144
3367.3446011543274,1030400
3368.170682668686,1030656
3368.9813282489777,1030912
3369.8201735019684,1031168
3370.6745100021362,1031424
3371.4913334846497,1031680
3372.351068496704,1031936
3373.157452583313,1032192
3374.0273385047913,1032448
3374.8581998348236,1032704
3375.703471183777,1032960
3376.560849905014,1033216
3377.358848810196,1033472
3378.1851046085358,1033728
3378.987571001053,1033984
3379.829418182373,1034240
3380.6316351890564,1034496
3381.502333879471,1034752
3382.322826862335,1035008
3383.1946337223053,1035264
3384.047657728195,1035520
3384.9021372795105,1035776
3385.7315118312836,1036032
3386.553773164749,1036288
3387.357450723648,1036544
3388.2037892341614,1036800
3389.0109837055206,1037056
3389.860819578171,1037312
3390.670130252838,1037568
3391.5465829372406,1037824
3392.4028725624084,1038080
3393.2324697971344,1038336
3394.0645043849945,1038592
3394.8759021759033,1038848
3395.7048218250275,1039104
3396.517281770706,1039360
3397.3220891952515,1039616
3398.176842212677,1039872
3398.9916355609894,1040128
3399.794768333435,1040384
3400.683742284775,1040640
3401.500477075577,1040896
3402.4081003665924,1041152
3403.2243399620056,1041408
3404.03258228302,1041664
3404.9042291641235,1041920
3405.790446281433,1042176
3406.5943660736084,1042432
3407.457351922989,1042688
3408.268531560898,1042944
3409.115864276886,1043200
3409.9105081558228,1043456
3410.7106482982635,1043712
3411.5068407058716,1043968
3412.3049552440643,1044224
3413.1555309295654,1044480
3413.947966337204,1044736
3414.742558479309,1044992
3415.5526962280273,1045248
3416.3466622829437,1045504
3417.1446866989136,1045760
3417.948847055435,1046016
3418.746563911438,1046272
3419.539687871933,1046528
3420.3483407497406,1046784
3421.1417276859283,1047040
3421.9430480003357,1047296
3422.763937473297,1047552
3423.6092150211334,1047808
3424.463055372238,1048064
3425.3165090084076,1048320
3426.114928007126,1048576
3427.0209605693817,1048832
3427.828241586685,1049088
3428.6877584457397,1049344
3429.4867174625397,1049600
3430.2806890010834,1049856
3431.1415140628815,1050112
3431.929899454117,1050368
3432.7608098983765,1050624
3433.5628521442413,1050880
3434.3553104400635,1051136
3435.2179987430573,1051392
3436.013955593109,1051648
3436.8644075393677,1051904
3437.6639268398285,1052160
3438.4951646327972,1052416
3439.2912435531616,1052672
3440.1326632499695,1052928
3440.931996822357,1053184
3441.766215801239,1053440
3442.5615293979645,1053696
3443.355685710907,1053952
3444.186717748642,1054208
3444.984532356262,1054464
3445.842642068863,1054720
3446.6417665481567,1054976
3447.4610521793365,1055232
3448.262813806534,1055488
3449.085458278656,1055744
3449.8798456192017,1056000
3450.7300283908844,1056256
3451.5285069942474,1056512
3452.3553636074066,1056768
3453.1590552330017,1057024
3454.0013315677643,1057280
3454.8010251522064,1057536
3455.6508638858795,1057792
3456.451468706131,1058048
3457.2757041454315,1058304
3458.0719175338745,1058560
3458.888250350952,1058816
3459.685882806778,1059072
3460.5022535324097,1059328
3461.301453113556,1059584
3462.12739109993,1059840
3462.9304773807526,1060096
3463.7871346473694,1060352
3464.619453430176,1060608
3465.421866416931,1060864
3466.253090620041,1061120
3467.1043944358826,1061376
3467.924883365631,1061632
3468.79860830307,1061888
3469.6346039772034,1062144
3470.434643268585,1062400
3471.2717492580414,1062656
3472.096048593521,1062912
3472.8973343372345,1063168
3473.7291197776794,1063424
3474.5326080322266,1063680
3475.3550324440002,1063936
3476.1857392787933,1064192
3476.9900913238525,1064448
3477.82510638237,1064704
3478.6295652389526,1064960
3479.430712223053,1065216
3480.23583483696,1065472
3481.154897928238,1065728
3482.002394914627,1065984
3482.805506467819,1066240
3483.638500213623,1066496
3484.4951615333557,1066752
3485.3902580738068,1067008
3486.254223585129,1067264
3487.0645668506622,1067520
3487.9209921360016,1067776
3488.7260642051697,1068032
3489.5309059619904,1068288
3490.4193153381348,1068544
3491.219758749008,1068800
3492.0227110385895,1069056
3492.8330433368683,1069312
3493.6955897808075,1069568
3494.5031571388245,1069824
3495.4111964702606,1070080
3496.314926147461,1070336
3497.1190237998962,1070592
3497.9433064460754,1070848
3498.739616394043,1071104
3499.6179337501526,1071360
3500.4161727428436,1071616
3501.2498128414154,1071872
3502.0521068573,1072128
3502.847532272339,1072384
3503.6443498134613,1072640
3504.4879393577576,1072896
3505.2819406986237,1073152
3506.1553750038147,1073408
3506.9530906677246,1073664
3507.794196367264,1073920
3508.5916011333466,1074176
3509.4348905086517,1074432
3510.231328725815,1074688
3511.041728258133,1074944
3511.8387718200684,1075200
3512.670240163803,1075456
3513.4601442813873,1075712
3514.3113446235657,1075968
3515.1124260425568,1076224
3515.929135084152,1076480
3516.771831512451,1076736
3517.6051676273346,1076992
3518.3992249965668,1077248
3519.2232830524445,1077504
3520.016326189041,1077760
3520.8769159317017,1078016
3521.685030221939,1078272
3522.5119664669037,1078528
3523.3520154953003,1078784
3524.193616628647,1079040
3525.038283109665,1079296
3525.893814086914,1079552
3526.7084953784943,1079808
3527.559257030487,1080064
3528.4340460300446,1080320
3529.263722896576,1080576
3530.1080214977264,1080832
3530.914175748825,1081088
3531.747227191925,1081344
3532.577484846115,1081600
3533.414922952652,1081856
3534.2335155010223,1082112
3535.060340166092,1082368
3535.951790332794,1082624
3536.772614955902,1082880
3537.6051733493805,1083136
3538.4461936950684,1083392
3539.262429714203,1083648
3540.1084911823273,1083904
3540.9487483501434,1084160
3541.788341522217,1084416
3542.6346185207367,1084672
3543.444112062454,1084928
3544.277939081192,1085184
3545.1216893196106,1085440
3545.9722485542297,1085696
3546.8288147449493,1085952
3547.643805742264,1086208
3548.5195837020874,1086464
3549.3616852760315,1086720
3550.203507900238,1086976
3551.0464289188385,1087232
3551.8573503494263,1087488
3552.696306705475,1087744
3553.5566787719727,1088000
3554.3948187828064,1088256
3555.244930744171,1088512
3556.055057287216,1088768
3556.9073469638824,1089024
3557.807261943817,1089280
3558.6695504188538,1089536
3559.4843480587006,1089792
3560.3177511692047,1090048
3561.18909907341,1090304
3562.019403219223,1090560
3562.8607347011566,1090816
3563.668464422226,1091072
3564.552478790283,1091328
3565.387140274048,1091584
3566.2357280254364,1091840
3567.058832168579,1092096
3567.901602745056,1092352
3568.7192964553833,1092608
3569.5651507377625,1092864
3570.3720846176147,1093120
3571.220803260803,1093376
3572.0561830997467,1093632
3572.96347117424,1093888
3573.7721667289734,1094144
3574.6328117847443,1094400
3575.459980249405,1094656
3576.2768733501434,1094912
3577.1773302555084,1095168
3578.003639936447,1095424
3578.857224225998,1095680
3579.678496837616,1095936
3580.5271875858307,1096192
3581.3614315986633,1096448
3582.1829583644867,1096704
3582.99946475029,1096960
3583.8439395427704,1097216
3584.713500738144,1097472
3585.558026790619,1097728
3586.3789064884186,1097984
3587.2166550159454,1098240
3588.0677530765533,1098496
3588.8952238559723,1098752
3589.7180576324463,1099008
3590.5736429691315,1099264
3591.3982622623444,1099520
3592.2237119674683,1099776
3593.0285365581512,1100032
3593.8866469860077,1100288
3594.734869003296,1100544
3595.569267511368,1100800
3596.3775174617767,1101056
3597.2177057266235,1101312
3598.103190422058,1101568
3598.916587114334,1101824
3599.7937355041504,1102080
3600.6264667510986,1102336
3601.445618867874,1102592
3602.2528154850006,1102848
3603.092164516449,1103104
3603.9454011917114,1103360
3604.781964302063,1103616
3605.59037232399,1103872
3606.4486927986145,1104128
3607.2745702266693,1104384
3608.141341686249,1104640
3608.949131011963,1104896
3609.80814743042,1105152
3610.640044927597,1105408
3611.4474408626556,1105664
3612.318368911743,1105920
3613.136908054352,1106176
3614.0099110603333,1106432
3614.819137573242,1106688
3615.663204431534,1106944
3616.4895775318146,1107200
3617.324259996414,1107456
3618.1336874961853,1107712
3618.9673047065735,1107968
3619.8669893741608,1108224
3620.7140271663666,1108480
3621.524773836136,1108736
3622.36115193367,1108992
3623.2203691005707,1109248
3624.046440601349,1109504
3624.8583431243896,1109760
3625.7400584220886,1110016
3626.5807971954346,1110272
3627.4093194007874,1110528
3628.2166333198547,1110784
3629.058517217636,1111040
3629.870661497116,1111296
3630.6775546073914,1111552
3631.5258362293243,1111808
3632.3502235412598,1112064
3633.1583659648895,1112320
3634.03412938118,1112576
3634.8806540966034,1112832
3635.7475247383118,1113088
3636.5774018764496,1113344
3637.4439613819122,1113600
3638.268837451935,1113856
3639.0794036388397,1114112
3639.906809568405,1114368
3640.723310470581,1114624
3641.527779817581,1114880
3642.3583984375,1115136
3643.236143350601,1115392
3644.076319694519,1115648
3644.8875539302826,1115904
3645.7231035232544,1116160
3646.5415279865265,1116416
3647.345263004303,1116672
3648.178558111191,1116928
3649.001055955887,1117184
3649.806784629822,1117440
3650.635485649109,1117696
3651.5134127140045,1117952
3652.3321526050568,1118208
3653.1471605300903,1118464
3653.991473197937,1118720
3654.8732390403748,1118976
3655.7380175590515,1119232
3656.55304479599,1119488
3657.4001455307007,1119744
3658.225726366043,1120000
3659.05194234848,1120256
3659.8814334869385,1120512
3660.6937942504883,1120768
3661.5450098514557,1121024
3662.3912918567657,1121280
3663.2278287410736,1121536
3664.0593564510345,1121792
3664.926928758621,1122048
3665.7336332798004,1122304
3666.596799850464,1122560
3667.429207086563,1122816
3668.2690813541412,1123072
3669.16109418869,1123328
3669.998639345169,1123584
3670.8846933841705,1123840
3671.7271823883057,1124096
3672.5992176532745,1124352
3673.437394618988,1124608
3674.3216066360474,1124864
3675.180639028549,1125120
3676.010617494583,1125376
3676.866365671158,1125632
3677.7088961601257,1125888
3678.555930376053,1126144
3679.408625602722,1126400
3680.2220981121063,1126656
3681.0752737522125,1126912
3681.9144670963287,1127168
3682.759922981262,1127424
3683.5973534584045,1127680
3684.4401545524597,1127936
3685.279944896698,1128192
3686.111426591873,1128448
3686.9235355854034,1128704
3687.78705906868,1128960
3688.62504863739,1129216
3689.4622769355774,1129472
3690.3015813827515,1129728
3691.1451818943024,1129984
3691.975339412689,1130240
3692.802791595459,1130496
3693.616287946701,1130752
3694.4728150367737,1131008
3695.3063004016876,1131264
3696.168807029724,1131520
3697.009215593338,1131776
3697.8292396068573,1132032
3698.6573753356934,1132288
3699.5006489753723,1132544
3700.333952665329,1132800
3701.1985881328583,1133056
3702.0105681419373,1133312
3702.8911640644073,1133568
3703.710245370865,1133824
3704.5488979816437,1134080
3705.3594028949738,1134336
3706.193418741226,1134592
3707.026030063629,1134848
3707.9127852916718,1135104
3708.7607729434967,1135360
3709.576946735382,1135616
3710.4765594005585,1135872
3711.310314655304,1136128
3712.2173426151276,1136384
3713.075397014618,1136640
3713.8780238628387,1136896
3714.7238099575043,1137152
3715.5755002498627,1137408
3716.4197504520416,1137664
3717.257066011429,1137920
3718.067499399185,1138176
3718.920981645584,1138432
3719.774713754654,1138688
3720.6036870479584,1138944
3721.4119341373444,1139200
3722.2562777996063,1139456
3723.091379880905,1139712
3723.919120311737,1139968
3724.7399287223816,1140224
3725.549992084503,1140480
3726.3827052116394,1140736
3727.2668566703796,1140992
3728.120371580124,1141248
3728.9766659736633,1141504
3729.7869143486023,1141760
3730.6253876686096,1142016
3731.4865515232086,1142272
3732.3325912952423,1142528
3733.1478831768036,1142784
3733.9579889774323,1143040
3734.79141664505,1143296
3735.623586177826,1143552
3736.495405435562,1143808
3737.3133974075317,1144064
3738.1778807640076,1144320
3739.045088529587,1144576
3739.927859067917,1144832
3740.7751512527466,1145088
3741.600449323654,1145344
3742.448171377182,1145600
3743.277263879776,1145856
3744.1415350437164,1146112
3744.980631351471,1146368
3745.7924058437347,1146624
3746.6537227630615,1146880
3747.5011348724365,1147136
3748.3557641506195,1147392
3749.1863462924957,1147648
3750.000967502594,1147904
3750.841260433197,1148160
3751.6953976154327,1148416
3752.5171270370483,1148672
3753.3238945007324,1148928
3754.168881416321,1149184
3755.04061126709,1149440
3755.880306959152,1149696
3756.7277348041534,1149952
3757.536890745163,1150208
3758.366334438324,1150464
3759.228009223938,1150720
3760.060492038727,1150976
3760.9108917713165,1151232
3761.722354412079,1151488
3762.5552723407745,1151744
3763.399743080139,1152000
3764.242201566696,1152256
3765.0875296592712,1152512
3765.904146671295,1152768
3766.768174648285,1153024
3767.6446282863617,1153280
3768.4851853847504,1153536
3769.3286674022675,1153792
3770.140745639801,1154048
3770.9832146167755,1154304
3771.820793390274,1154560
3772.659117460251,1154816
3773.5000607967377,1155072
3774.3066782951355,1155328
3775.2035455703735,1155584
3776.064982652664,1155840
3776.9036717414856,1156096
3777.7375259399414,1156352
3778.544307947159,1156608
3779.362844467163,1156864
3780.1929457187653,1157120
3781.076728105545,1157376
3781.9003133773804,1157632
3782.7089791297913,1157888
3783.622955083847,1158144
3784.4853415489197,1158400
3785.321124315262,1158656
3786.1309702396393,1158912
3786.9702270030975,1159168
3787.841385126114,1159424
3788.6772553920746,1159680
3789.523960828781,1159936
3790.336068868637,1160192
3791.1736261844635,1160448
3792.04216337204,1160704
3792.8751542568207,1160960
3793.731706380844,1161216
3794.5416934490204,1161472
3795.3971991539,1161728
3796.2305479049683,1161984
3797.0584259033203,1162240
3797.9032855033875,1162496
3798.714179754257,1162752
3799.5585103034973,1163008
3800.3789246082306,1163264
3801.222959280014,1163520
3802.036055326462,1163776
3802.879338502884,1164032
3803.6953597068787,1164288
3804.5965337753296,1164544
3805.4083847999573,1164800
3806.2464497089386,1165056
3807.070663690567,1165312
3807.897824048996,1165568
3808.7070922851562,1165824
3809.5556721687317,1166080
3810.453729391098,1166336
3811.3321421146393,1166592
3812.1413753032684,1166848
3812.964972257614,1167104
3813.8403244018555,1167360
3814.6891803741455,1167616
3815.499929666519,1167872
3816.352228164673,1168128
3817.1781175136566,1168384
3818.004725933075,1168640
3818.832802772522,1168896
3819.703397512436,1169152
3820.544130563736,1169408
3821.442668914795,1169664
3822.2628264427185,1169920
3823.1509602069855,1170176
3823.9782102108,1170432
3824.838480949402,1170688
3825.643795967102,1170944
3826.4734642505646,1171200
3827.3030230998993,1171456
3828.142842769623,1171712
3828.9564282894135,1171968
3829.8622987270355,1172224
3830.689578294754,1172480
3831.516437292099,1172736
3832.3172991275787,1172992
3833.1651532649994,1173248
3833.987334251404,1173504
3834.8227207660675,1173760
3835.647054672241,1174016
3836.527441740036,1174272
3837.40776348114,1174528
3838.2416265010834,1174784
3839.0526196956635,1175040
3839.8910648822784,1175296
3840.725650548935,1175552
3841.5346908569336,1175808
3842.3710882663727,1176064
3843.1936779022217,1176320
3844.067973613739,1176576
3844.8768649101257,1176832
3845.7180876731873,1177088
3846.5919802188873,1177344
3847.4347579479218,1177600
3848.244630098343,1177856
3849.079434156418,1178112
3849.9056248664856,1178368
3850.776246547699,1178624
3851.587277173996,1178880
3852.4281039237976,1179136
3853.2956602573395,1179392
3854.1287796497345,1179648
3854.93768453598,1179904
3855.7811472415924,1180160
3856.624573945999,1180416
3857.453527212143,1180672
3858.2982473373413,1180928
3859.152995824814,1181184
3860.0104143619537,1181440
3860.851042509079,1181696
3861.654825925827,1181952
3862.4938859939575,1182208
3863.3477935791016,1182464
3864.195905685425,1182720
3865.0122072696686,1182976
3865.8608989715576,1183232
3866.6977937221527,1183488
3867.5355138778687,1183744
3868.34618806839,1184000
3869.2065935134888,1184256
3870.048273086548,1184512
3870.8784489631653,1184768
3871.73290848732,1185024
3872.5459277629852,1185280
3873.3853232860565,1185536
3874.2269566059113,1185792
3875.049068927765,1186048
3875.8767099380493,1186304
3876.6854145526886,1186560
3877.5719480514526,1186816
3878.4120094776154,1187072
3879.243767976761,1187328
3880.116291284561,1187584
3880.928879737854,1187840
3881.7589132785797,1188096
3882.592960834503,1188352
3883.4424715042114,1188608
3884.304651737213,1188864
3885.11763215065,1189120
3885.962396621704,1189376
3886.8290333747864,1189632
3887.6490502357483,1189888
3888.455885887146,1190144
3889.3277118206024,1190400
3890.1780099868774,1190656
3891.011595249176,1190912
3891.881264925003,1191168
3892.6982181072235,1191424
3893.5598080158234,1191680
3894.3872911930084,1191936
3895.2945578098297,1192192
3896.1077461242676,1192448
3896.9684267044067,1192704
3897.8093037605286,1192960
3898.652871608734,1193216
3899.5052876472473,1193472
3900.354335308075,1193728
3901.1688175201416,1193984
3902.0390660762787,1194240
3902.8552145957947,1194496
3903.6615426540375,1194752
3904.516360759735,1195008
3905.3681700229645,1195264
3906.2006843090057,1195520
3907.0122215747833,1195776
3907.851497411728,1196032
3908.6914236545563,1196288
3909.553566932678,1196544
3910.3662519454956,1196800
3911.236686229706,1197056
3912.0618851184845,1197312
3912.9087846279144,1197568
3913.7248651981354,1197824
3914.5641989707947,1198080
3915.394944190979,1198336
3916.212457180023,1198592
3917.0212547779083,1198848
3917.854322910309,1199104
3918.734610557556,1199360
3919.5590856075287,1199616
3920.3686826229095,1199872
3921.2138340473175,1200128
3922.0789227485657,1200384
3922.892567873001,1200640
3923.744688272476,1200896
3924.6171214580536,1201152
3925.440913438797,1201408
3926.257142305374,1201664
3927.1230165958405,1201920
3927.9497380256653,1202176
3928.7886698246,1202432
3929.5980548858643,1202688
3930.4298877716064,1202944
3931.31737613678,1203200
3932.1488585472107,1203456
3932.953748703003,1203712
3933.788471221924,1203968
3934.610902786255,1204224
3935.475140810013,1204480
3936.2845091819763,1204736
3937.2212986946106,1204992
3938.063241004944,1205248
3938.9131195545197,1205504
3939.729147195816,1205760
3940.576554298401,1206016
3941.4459342956543,1206272
3942.302161216736,1206528
3943.1341445446014,1206784
3943.961183309555,1207040
3944.798788547516,1207296
3945.6747658252716,1207552
3946.5121824741364,1207808
3947.3441231250763,1208064
3948.1710484027863,1208320
3949.0061066150665,1208576
3949.8258304595947,1208832
3950.6491029262543,1209088
3951.455826282501,1209344
3952.335775375366,1209600
3953.1859443187714,1209856
3954.0121397972107,1210112
3954.881824493408,1210368
3955.691857099533,1210624
3956.547147512436,1210880
3957.4055445194244,1211136
3958.248020172119,1211392
3959.088410615921,1211648
3959.905319213867,1211904
3960.7523567676544,1212160
3961.6036887168884,1212416
3962.4394793510437,1212672
3963.2778441905975,1212928
3964.091925382614,1213184
3964.964995622635,1213440
3965.796416282654,1213696
3966.6233727931976,1213952
3967.516674518585,1214208
3968.3735857009888,1214464
3969.1938939094543,1214720
3970.0403537750244,1214976
3970.8934094905853,1215232
3971.7426438331604,1215488
3972.573560476303,1215744
3973.4101564884186,1216000
3974.330209493637,1216256
3975.167806148529,1216512
3976.117309808731,1216768
3976.9388377666473,1217024
3977.8251116275787,1217280
3978.6624598503113,1217536
3979.504031419754,1217792
3980.3305337429047,1218048
3981.195855140686,1218304
3982.0280346870422,1218560
3982.8692758083344,1218816
3983.7298152446747,1219072
3984.5720331668854,1219328
3985.388845205307,1219584
3986.258471250534,1219840
3987.1423704624176,1220096
3987.999071598053,1220352
3988.8427283763885,1220608
3989.7039608955383,1220864
3990.54131937027,1221120
3991.3703439235687,1221376
3992.218455553055,1221632
3993.068207025528,1221888
3993.9119367599487,1222144
3994.753494501114,1222400
3995.6130533218384,1222656
3996.4603259563446,1222912
3997.322945356369,1223168
3998.163140773773,1223424
3999.018573284149,1223680
3999.899132013321,1223936
4000.754331588745,1224192
4001.5938923358917,1224448
4002.4313089847565,1224704
4003.264391183853,1224960
4004.1182346343994,1225216
4004.9867544174194,1225472
4005.8254158496857,1225728
4006.677565097809,1225984
4007.5105538368225,1226240
4008.39013004303,1226496
4009.2310252189636,1226752
4010.0850751399994,1227008
4010.900968313217,1227264
4011.7180666923523,1227520
4012.5678482055664,1227776
4013.4951136112213,1228032
4014.3041536808014,1228288
4015.1773653030396,1228544
4016.0116765499115,1228800
4016.8195176124573,1229056
4017.651615381241,1229312
4018.4774208068848,1229568
4019.285840511322,1229824
4020.118166446686,1230080
4020.9735913276672,1230336
4021.823131084442,1230592
4022.627415418625,1230848
4023.464763879776,1231104
4024.3213698863983,1231360
4025.1353533267975,1231616
4025.9654307365417,1231872
4026.8229734897614,1232128
4027.690659761429,1232384
4028.502637386322,1232640
4029.3276228904724,1232896
4030.147883415222,1233152
4030.976943731308,1233408
4031.794900894165,1233664
4032.6213748455048,1233920
4033.47221326828,1234176
4034.3539941310883,1234432
4035.1689116954803,1234688
4036.0240733623505,1234944
4036.8702549934387,1235200
4037.7070326805115,1235456
4038.5153636932373,1235712
4039.3497519493103,1235968
4040.218852996826,1236224
4041.053275346756,1236480
4041.869089603424,1236736
4042.724914073944,1236992
4043.5587253570557,1237248
4044.386248588562,1237504
4045.1958396434784,1237760
4046.053239583969,1238016
4046.9124953746796,1238272
4047.8151037693024,1238528
4048.635393857956,1238784
4049.5108416080475,1239040
4050.344532728195,1239296
4051.203399181366,1239552
4052.0134541988373,1239808
4052.8431708812714,1240064
4053.6619577407837,1240320
4054.483806371689,1240576
4055.294497728348,1240832
4056.1123208999634,1241088
4056.9548559188843,1241344
4057.7979662418365,1241600
4058.6103308200836,1241856
4059.506081342697,1242112
4060.329118013382,1242368
4061.166572332382,1242624
4061.973051548004,1242880
4062.816218137741,1243136
4063.678963661194,1243392
4064.5077946186066,1243648
4065.3183250427246,1243904
4066.148758649826,1244160
4067.0066339969635,1244416
4067.8269469738007,1244672
4068.6386275291443,1244928
4069.4665591716766,1245184
4070.3230862617493,1245440
4071.1416754722595,1245696
4072.0360593795776,1245952
4072.8596539497375,1246208
4073.6822459697723,1246464
4074.4972743988037,1246720
4075.341760635376,1246976
4076.204130411148,1247232
4077.0648534297943,1247488
4077.880231142044,1247744
4078.7178995609283,1248000
4079.5770914554596,1248256
4080.398131608963,1248512
4081.2157378196716,1248768
4082.0877351760864,1249024
4082.9208290576935,1249280
4083.7774691581726,1249536
4084.6596455574036,1249792
4085.530163049698,1250048
4086.3518681526184,1250304
4087.169812440872,1250560
4087.992532968521,1250816
4088.8510377407074,1251072
4089.7090561389923,1251328
4090.5222642421722,1251584
4091.3888866901398,1251840
4092.24090051651,1252096
4093.0640635490417,1252352
4093.87472987175,1252608
4094.725321292877,1252864
4095.559547185898,1253120
4096.419518232346,1253376
4097.238818883896,1253632
4098.068335533142,1253888
4098.907936811447,1254144
4099.753676652908,1254400
4100.565498828888,1254656
4101.402490615845,1254912
4102.253118753433,1255168
4103.135596036911,1255424
4103.953315496445,1255680
4104.790273427963,1255936
4105.667293071747,1256192
4106.517928600311,1256448
4107.328243255615,1256704
4108.154074192047,1256960
4108.982277393341,1257216
4109.850868225098,1257472
4110.662964582443,1257728
4111.490165472031,1257984
4112.335875034332,1258240
4113.143578052521,1258496
4114.036019563675,1258752
4114.858980178833,1259008
4115.695159196854,1259264
4116.506845474243,1259520
4117.337184667587,1259776
4118.180916547775,1260032
4119.0300006866455,1260288
4119.838054418564,1260544
4120.690780878067,1260800
4121.5425860881805,1261056
4122.403556585312,1261312
4123.210160255432,1261568
4124.102522134781,1261824
4124.931590795517,1262080
4125.771209716797,1262336
4126.5793879032135,1262592
4127.405242443085,1262848
4128.275879144669,1263104
4129.127408027649,1263360
4130.002797365189,1263616
4130.851530313492,1263872
4131.694002866745,1264128
4132.522876262665,1264384
4133.328614473343,1264640
4134.157076597214,1264896
4134.997143268585,1265152
4135.828063726425,1265408
4136.645278453827,1265664
4137.471649646759,1265920
4138.298948049545,1266176
4139.120981454849,1266432
4139.930842161179,1266688
4140.774452209473,1266944
4141.638236284256,1267200
4142.497585535049,1267456
4143.308398008347,1267712
4144.1557285785675,1267968
4144.987224578857,1268224
4145.815350055695,1268480
4146.620517015457,1268736
4147.468127250671,1268992
4148.317373037338,1269248
4149.17843580246,1269504
4149.994844198227,1269760
4150.828100204468,1270016
4151.658546924591,1270272
4152.474831104279,1270528
4153.282508134842,1270784
4154.103986740112,1271040
4154.957164764404,1271296
4155.766993522644,1271552
4156.602760314941,1271808
4157.425367116928,1272064
4158.2876398563385,1272320
4159.100294113159,1272576
4159.945454359055,1272832
4160.787281990051,1273088
4161.651474475861,1273344
4162.472672462463,1273600
4163.340543270111,1273856
4164.189520359039,1274112
4165.041317224503,1274368
4165.8578197956085,1274624
4166.716477632523,1274880
4167.54718542099,1275136
4168.375898599625,1275392
4169.194858312607,1275648
4170.0633981227875,1275904
4170.907787322998,1276160
4171.768043518066,1276416
4172.580008268356,1276672
4173.431633710861,1276928
4174.3074605464935,1277184
4175.134356737137,1277440
4175.949856996536,1277696
4176.802971363068,1277952
4177.624673128128,1278208
4178.446407794952,1278464
4179.2599194049835,1278720
4180.082263708115,1278976
4180.925974845886,1279232
4181.758424758911,1279488
4182.5714635849,1279744
4183.414657592773,1280000
4184.251168012619,1280256
4185.103053569794,1280512
4185.889935255051,1280768
4186.801802158356,1281024
4187.229454278946,1281167
